pedon_key,pedon_id,sampled_name,layer_key,layer_sequence,hzn_top,hzn_bot,hzn_desgn,texture,sand_tot,silt_tot,clay_tot,db_satiated,oc,oc_qc
07N0032,S2006CT011002,Wequetequock,07N00167,1,0,20,Ag,sil,28.9,50.8,20.3,0.15,5.38,mineral
07N0032,S2006CT011002,Wequetequock,07N00168,2,20,32,ACg,l,41.2,43.1,15.7,0.23,4.4,mineral
07N0032,S2006CT011002,Wequetequock,07N00169,3,32,57,Cg,sil,29.9,55.5,14.6,0.27,4.08,mineral
07N0032,S2006CT011002,Wequetequock,07N00170,4,57,72,2Oab1,muck,,,,0.13,16.15,organic
07N0032,S2006CT011002,Wequetequock,07N00171,5,72,99,3Cgb1,sl,63.7,29.6,6.7,0.45,2.63,mineral
07N0032,S2006CT011002,Wequetequock,07N00172,6,99,134,3Cgb2,ls,74.6,22.7,2.7,0.8,0.18,mineral
07N0032,S2006CT011002,Wequetequock,07N00173,7,134,144,3Cgb3,sl,54.8,39.2,6,0.77,0.19,mineral
07N0032,S2006CT011002,Wequetequock,07N00174,8,144,152,3Cgb4,cosl,62.6,32.5,4.9,0.78,0.12,mineral
07N0034,S06CT011004,Wamphassuc,07N00180,1,0,15,Ag,sil,30,52.9,17.1,0.17,5.3,mineral
07N0034,S06CT011004,Wamphassuc,07N00181,2,15,27,ACg1,sil,29.2,53.3,17.5,0.18,4.93,mineral
07N0034,S06CT011004,Wamphassuc,07N00182,3,27,39,ACg2,sil,29.7,55.6,14.7,0.3,4.29,mineral
07N0034,S06CT011004,Wamphassuc,07N00183,4,39,78,Cg1,sil,17.9,63.2,18.9,0.27,4.22,mineral
07N0034,S06CT011004,Wamphassuc,07N00184,5,78,91,Cg2,sl,60.7,32.4,6.9,0.53,2.41,mineral
07N0034,S06CT011004,Wamphassuc,07N00185,6,91,112,Cg3,fsl,54.8,39.3,5.9,0.62,1.37,mineral
07N0034,S06CT011004,Wamphassuc,07N00186,7,112,122,Cg4,sl,67.1,27,5.9,0.61,0.79,mineral
07N0034,S06CT011004,Wamphassuc,07N00187,8,122,140,2Cg,lcos,83.9,13.8,2.3,0.52,0.62,mineral
07N0038,S2006CT011007,Rhodesfolly,07N00215,1,0,27,Cg1,cos,97,2.6,0.4,1.9,0.13,mineral
07N0038,S2006CT011007,Rhodesfolly,07N00216,2,27,35,Cg2,s,97.2,2.7,0.1,1.46,0.14,mineral
07N0038,S2006CT011007,Rhodesfolly,07N00217,3,35,46,Cg3,s,98,2,0,1.86,0.1,mineral
07N0038,S2006CT011007,Rhodesfolly,07N00218,4,46,63,Cg4,s,97.2,2.8,0,2.11,0.12,mineral
07N0038,S2006CT011007,Rhodesfolly,07N00219,5,63,72,Cgb5,ls,82.5,15.2,2.3,2.33,0.48,mineral
07N0038,S2006CT011007,Rhodesfolly,07N00220,6,72,80,Cg6,cos,91,7.4,1.6,1.88,0.28,mineral
07N0038,S2006CT011007,Rhodesfolly,07N00221,7,80,98,Cg7,cos,93.4,4.6,2,2.28,0.3,mineral
07N0039,S06CT011008,Bay bottom,07N00222,1,0,2,Ag,lcos,81.7,16.5,1.8,2.6,0.83,mineral
07N0039,S06CT011008,Bay bottom,07N00223,2,2,12,Cg1,lcos,84.9,13.2,1.9,1.45,0.91,mineral
07N0039,S06CT011008,Bay bottom,07N00224,3,12,18,Cg2,cos,86.3,12,1.7,1.34,0.75,mineral
07N0039,S06CT011008,Bay bottom,07N00225,4,18,28,Cg3,lcos,75.3,21.7,3,1.39,0.72,mineral
07N0039,S06CT011008,Bay bottom,07N00226,5,28,32,Cg4,cosl,68.7,27.6,3.7,1.48,0.52,mineral
07N0040,S2006CT011009,Fort Neck,07N00227,1,0,8,Ag,sl,49.8,44.4,5.8,0.61,3.66,mineral
07N0040,S2006CT011009,Fort Neck,07N00228,2,8,22,Cg1,fsl,52.2,41.7,6.1,0.63,4,mineral
07N0040,S2006CT011009,Fort Neck,07N00229,3,22,58,Cg2,l,42.7,48.1,9.2,0.47,4.41,mineral
07N0040,S2006CT011009,Fort Neck,07N00230,4,58,66,Agb,l,44.8,32.6,22.6,0.59,6.89,mineral
07N0040,S2006CT011009,Fort Neck,07N00231,5,66,70,C'g1,sl,68.1,27.4,4.5,0.79,4.83,mineral
07N0040,S2006CT011009,Fort Neck,07N00232,6,70,87,2Cg1,cos,93.7,6.3,0,1.27,0.4,mineral
07N0040,S2006CT011009,Fort Neck,07N00233,7,87,106,2Cg2,lfs,75.5,24.1,0.4,1.31,0.48,mineral
GR04,S06-001-GB,Fine-silty Fluvic Sulfiwassents,na,1,0,5,A,sil,25,56,19,0.35,8.02,mucky_min
GR04,S06-001-GB,Fine-silty Fluvic Sulfiwassents,na,2,5,17,AC,sil,20,63,17,0.34,5.35,mineral
GR04,S06-001-GB,Fine-silty Fluvic Sulfiwassents,na,3,17,28,C,sil,23,62,15,0.35,3.85,mineral
GR04,S06-001-GB,Fine-silty Fluvic Sulfiwassents,na,4,28,33,Cg1,sicl,17,54,29,0.49,3.05,mineral
GR04,S06-001-GB,Fine-silty Fluvic Sulfiwassents,na,5,33,136,Cg2,sicl,6,58,36,0.35,3.53,mineral
GR04,S06-001-GB,Fine-silty Fluvic Sulfiwassents,na,6,136,150,Cg3,sicl,9,57,34,0.33,3.37,mineral
GR05,S06-002-GB,Coarse-silty Fluvic Sulfiwassents,na,1,0,9,A,sil,23,60,17,0.14,6.26,mineral
GR05,S06-002-GB,Coarse-silty Fluvic Sulfiwassents,na,2,9,20,AC,sil,9,73,18,0.59,6.18,mineral
GR05,S06-002-GB,Coarse-silty Fluvic Sulfiwassents,na,3,20,80,Cg,sil,17,71,12,0.35,3.8,mineral
GR09,S06-003-GB,Coarse-loamy Haplic Sulfiwassents,na,1,0,10,A,sil,22,63,15,0.13,5.49,mineral
GR09,S06-003-GB,Coarse-loamy Haplic Sulfiwassents,na,2,10,19,AC,sil,26,64,10,0.37,3.61,mineral
GR09,S06-003-GB,Coarse-loamy Haplic Sulfiwassents,na,3,19,50,C1,sil,20,63,17,0.54,3.84,mineral
GR09,S06-003-GB,Coarse-loamy Haplic Sulfiwassents,na,4,50,60,C2,l,46,42,12,0.49,3.72,mineral
GR12,S06-004-GB,Fine-loamy Fluvic Sulfiwassents,na,1,0,10,A,l,41,45,14,0.22,4.75,mineral
GR12,S06-004-GB,Fine-loamy Fluvic Sulfiwassents,na,2,10,25,C1,l,32,48,20,0.41,2.32,mineral
GR12,S06-004-GB,Fine-loamy Fluvic Sulfiwassents,na,3,25,100,C2,l,38,42,20,0.55,2.1,mineral
URI0001,S2014CT009001,Pishagqua,URI2014001,1,0,24,Ase,sil,38.2,54.1,7.7,0.53,2.66,mineral
URI0001,S2014CT009001,Pishagqua,URI2014002,2,24,71,Cse1,sil,10.1,76,13.9,0.55,1.78,mineral
URI0001,S2014CT009001,Pishagqua,URI2014003,3,71,145,Cse2,sil,6,74.4,19.6,0.67,2.26,mineral
URI0001,S2014CT009001,Pishagqua,URI2014004,4,145,152,Cse3,sicl,6.4,66.2,27.4,0.98,2.16,mineral
URI0001,S2014CT009001,Pishagqua,URI2014005,5,152,164,Cse4,sil,6.7,70.2,23.1,0.73,2.14,mineral
URI0002,S2014CT009002,Pishagqua,URI2014006,1,0,9,Ase1,sil,11.2,71.3,17.5,0.2,4.09,mineral
URI0002,S2014CT009002,Pishagqua,URI2014007,2,9,38,Ase2,sil,14.4,68.8,16.8,0.41,3.41,mineral
URI0002,S2014CT009002,Pishagqua,URI2014008,3,38,69,Cse,sil,6.4,69.2,24.4,0.4,2.96,mineral
URI0002,S2014CT009002,Pishagqua,URI2014009,4,69,119,CAse,sil,4.2,70.9,24.9,0.48,2.9,mineral
URI0002,S2014CT009002,Pishagqua,URI2014010,5,119,169,C/Ase,sil,4.2,70.7,25.1,0.54,3.18,mineral
URI0002,S2014CT009002,Pishagqua,URI2014011,6,169,192,C'se1,sil,6,71,23,0.67,2.32,mineral
URI0002,S2014CT009002,Pishagqua,URI2014012,7,192,210,C'se2,sil,6.1,73.7,20.2,0.81,1.48,mineral
URI0003,S2014CT009003,Pishagqua,URI2014013,1,0,13,Ase,sil,9.2,77.4,13.4,0.44,2.53,mineral
URI0003,S2014CT009003,Pishagqua,URI2014014,2,13,19,ACse,sil,9.4,73.4,17.2,0.78,2.28,mineral
URI0003,S2014CT009003,Pishagqua,URI2014015,3,19,91,Cse1,sil,13.4,73.2,13.4,0.75,1.33,mineral
URI0003,S2014CT009003,Pishagqua,URI2014016,4,91,140,Cse2,sil,8,76,16,0.77,1.77,mineral
URI0003,S2014CT009003,Pishagqua,URI2014017,5,140,187,Cse3,sil,6.4,72.6,21,0.7,1.63,mineral
URI0003,S2014CT009003,Pishagqua,URI2014018,6,187,230,Cse4,sic,2.3,54.3,43.4,0.8,1.9,mineral
URI0004,S2014CT009004,Pishagqua,URI2014019,1,0,5,Ase1,l,42,44,14,0.59,1.52,mineral
URI0004,S2014CT009004,Pishagqua,URI2014020,2,5,20,Ase2,vfsl,72,25,3,0.91,0.65,mineral
URI0004,S2014CT009004,Pishagqua,URI2014021,3,20,52,Cse1,sil,16.2,75.9,7.9,1.41,1.18,mineral
URI0004,S2014CT009004,Pishagqua,URI2014022,4,52,145,Cse2,sil,4.4,72.7,22.9,0.61,2.25,mineral
URI0005,S2014CT009005,Pishagqua,URI2014023,1,0,21,Ase,sicl,8.8,62.5,28.7,0.34,2.35,mineral
URI0005,S2014CT009005,Pishagqua,URI2014024,2,21,83,Cse1,sil,24.5,67.6,7.9,0.56,1.41,mineral
URI0005,S2014CT009005,Pishagqua,URI2014025,3,83,106,Cse2,sil,13.1,70.5,16.4,0.58,1.81,mineral
URI0005,S2014CT009005,Pishagqua,URI2014026,4,106,157,Cse3,sil,11.1,62.1,26.8,0.81,1.87,mineral
URI0006,S2014CT009006,Pishagqua,URI2014027,1,0,8,ACse,sl,72,20,8,1.28,2.78,mineral
URI0006,S2014CT009006,Pishagqua,URI2014028,2,8,29,C/Ase,fsl,53,45.4,1.6,0.86,1.03,mineral
URI0006,S2014CT009006,Pishagqua,URI2014029,3,29,46,Cse1,sl,67,27,6,0.85,1.54,mineral
URI0006,S2014CT009006,Pishagqua,URI2014030,4,46,57,2Cse2,fsl,54,37,9,0.9,1.35,mineral
URI0006,S2014CT009006,Pishagqua,URI2014031,5,57,83,2Cse3,sil,35,54,11,0.76,1.6,mineral
URI0006,S2014CT009006,Pishagqua,URI2014032,6,83,89,2Cse4,sil,31.1,64.3,4.6,0.76,1.74,mineral
URI0006,S2014CT009006,Pishagqua,URI2014033,7,89,128,2Cse5,sil,17.2,61.9,20.9,0.58,2.03,mineral
URI0007,S2014CT009007,Nagunt,URI2014034,1,0,12,A,sil,39.5,52.3,8.2,0.98,1.43,mineral
URI0007,S2014CT009007,Nagunt,URI2014035,2,12,43,Cse1,lcos,85.9,8.7,5.4,0.92,0.47,mineral
URI0007,S2014CT009007,Nagunt,URI2014036,3,43,100,Cse2,s,88.8,9,2.2,1.75,0.54,mineral
URI0007,S2014CT009007,Nagunt,URI2014037,4,100,124,Cse3,fsl,78.1,11.4,10.5,0.92,1.22,mineral
URI0007,S2014CT009007,Nagunt,URI2014038,5,124,184,Cse4,ls,85,11,4,1.57,0.67,mineral
URI0007,S2014CT009007,Nagunt,URI2014039,6,184,225,Cse5,sil,26.5,68.2,5.3,1.45,0.74,mineral
URI0008,S2014CT009008,SND,URI2014040,1,0,16,Ase1,fsl,62,32,6,1.14,1.08,mineral
URI0008,S2014CT009008,SND,URI2014041,2,16,27,Ase2,lfs,78,18,4,1.56,1.08,mineral
URI0008,S2014CT009008,SND,URI2014042,3,27,36,C,fsl,55.5,37.8,6.7,1.41,0.74,mineral
URI0008,S2014CT009008,SND,URI2014043,4,36,41,Aseb,fs,91.9,4.9,3.2,1.08,0.26,mineral
URI0008,S2014CT009008,SND,URI2014044,5,41,47,Cse,lfs,83.6,14.7,1.7,1.59,0.3,mineral
URI0008,S2014CT009008,SND,URI2014045,6,47,58,A'seb,fs,94.8,4.2,1,1.12,0.32,mineral
URI0008,S2014CT009008,SND,URI2014046,7,58,127,C'se1,sil,36.2,57.2,6.6,1.47,1.09,mineral
URI0008,S2014CT009008,SND,URI2014047,8,127,210,C'se2,sil,31.3,56.8,11.9,1.36,1.07,mineral
URI0404NP,RI009-2004-004-NP-P,Napatree,RI0404NP1,1,0,10,CAse,sl,70,26,4,1.34,0.4,mineral
URI0404NP,RI009-2004-004-NP-P,Napatree,RI0404NP2,2,10,21,Ab,lcos,77,20,3,1.16,0.6,mineral
URI0404NP,RI009-2004-004-NP-P,Napatree,RI0404NP3,3,21,41,Cg,sil,14,64,22,0.88,0.7,mineral
URI0404NP,RI009-2004-004-NP-P,Napatree,RI0404NP4,4,41,68,2Cg1,cos,87,10,3,0.94,0.1,mineral
URI0404NP,RI009-2004-004-NP-P,Napatree,RI0404NP5,5,68,105,2Cg2,cos,92,6,2,1.02,0.1,mineral
URI0404NP,RI009-2004-004-NP-P,Napatree,RI0404NP6,6,105,120,2C,cos,94,4,2,0.32,0.1,mineral
URI0603GB,RI003-2006-003-GB-P,Submerged Mainland Beach,RI0603GB1,1,0,17,Cg,fs,97.4,2.5,0.1,1.26,0.18,mineral
URI0603GB,RI003-2006-003-GB-P,Submerged Mainland Beach,RI0603GB2,2,17,46,CA1,fs,95,4,1,1.67,0.17,mineral
URI0603GB,RI003-2006-003-GB-P,Submerged Mainland Beach,RI0603GB3,3,46,68,CA2,fs,96,2.7,1.3,1.49,0.23,mineral
URI0603GB,RI003-2006-003-GB-P,Submerged Mainland Beach,RI0603GB4,4,68,111,AC,fs,89.8,8.3,1.9,1.63,0.31,mineral
URI0603GB,RI003-2006-003-GB-P,Submerged Mainland Beach,RI0603GB5,5,111,122,2Cg,vfsl,62,36.9,1.1,1.67,0.21,mineral
URI0603GB,RI003-2006-003-GB-P,Submerged Mainland Beach,RI0603GB6,6,122,137,2C,vfsl,53.4,45.6,1,1.83,0.24,mineral
URI0604GB,RI003-2006-004-GB-P,Platform,RI0604GB1,1,0,9,Cg,s,99,1,0,1.93,0.26,mineral
URI0604GB,RI003-2006-004-GB-P,Platform,RI0604GB2,2,9,17,A,s,88.3,10.4,1.3,1.72,0.36,mineral
URI0604GB,RI003-2006-004-GB-P,Platform,RI0604GB3,3,17,30,2C/A,sil,46,52.3,1.7,1.84,0.27,mineral
URI0604GB,RI003-2006-004-GB-P,Platform,RI0604GB4,4,30,55,2Cg1,sil,33,64.8,2.2,1.96,0.33,mineral
URI0604GB,RI003-2006-004-GB-P,Platform,RI0604GB5,5,55,64,2Cg2,sil,36.3,61.6,2.1,1.7,0.27,mineral
URI0604GB,RI003-2006-004-GB-P,Platform,RI0604GB6,6,64,82,Cg3,lfs,82.7,16.3,1,1.32,0.18,mineral
URI0605GB,RI003-2006-005-GB-P,Submerged Mainland Beach,RI0605GB1,1,0,11,Cg,lfs,76,24,0,1.83,0.4,mineral
URI0605GB,RI003-2006-005-GB-P,Submerged Mainland Beach,RI0605GB2,2,11,23,Ab,fs,95.7,4.3,0,1.13,0.37,mineral
URI0605GB,RI003-2006-005-GB-P,Submerged Mainland Beach,RI0605GB3,3,23,34,C,fs,89.5,10.5,0,1.51,0.25,mineral
URI0605GB,RI003-2006-005-GB-P,Submerged Mainland Beach,RI0605GB4,4,34,54,CA,s,92,8,0,1.72,0.38,mineral
URI0605GB,RI003-2006-005-GB-P,Submerged Mainland Beach,RI0605GB5,5,54,90,Cg1,s,95.2,4.4,0.4,1.5,0.24,mineral
URI0605GB,RI003-2006-005-GB-P,Submerged Mainland Beach,RI0605GB6,6,90,96,Cg2,s,86,13.7,0.3,2.72,0.22,mineral
URI0605GB,RI003-2006-005-GB-P,Submerged Mainland Beach,RI0605GB7,7,96,140,Cg3,s,88.6,10.2,1.2,1.96,0.2,mineral
URI0605GB,RI003-2006-005-GB-P,Submerged Mainland Beach,RI0605GB8,8,140,155,Cg4,s,92,7.5,0.5,1.8,0.23,mineral
URI0605GB,RI003-2006-005-GB-P,Submerged Mainland Beach,RI0605GB9,9,155,164,2Cg5,sl,69,30.6,0.4,1.35,0.25,mineral
URI0605GB,RI003-2006-005-GB-P,Submerged Mainland Beach,RI0605GB10,10,164,245,2Cg6,sil,20.3,78.8,0.9,1.72,0.28,mineral
URI0605GB,RI003-2006-005-GB-P,Submerged Mainland Beach,RI0605GB11,11,245,258,2Cg7,lfs,71,28.8,0.2,1.35,0.34,mineral
URI0606WH,RI009-2006-006-WH-P,Pishagqua,RI0606WH1,1,0,5,A,sl,,,,0.25,2.9,mineral
URI0606WH,RI009-2006-006-WH-P,Pishagqua,RI0606WH2,2,5,14,AC,l,40,42.8,17.2,0.4,2.8,mineral
URI0606WH,RI009-2006-006-WH-P,Pishagqua,RI0606WH3,3,14,33,C1,l,27.2,46.5,26.3,0.42,3.31,mineral
URI0606WH,RI009-2006-006-WH-P,Pishagqua,RI0606WH4,4,33,53,C2,l,38.7,48.5,12.8,0.5,2.59,mineral
URI0606WH,RI009-2006-006-WH-P,Pishagqua,RI0606WH5,5,53,64,C3,fsl,62,29.6,8.4,1.16,2.02,mineral
URI0606WH,RI009-2006-006-WH-P,Pishagqua,RI0606WH6,6,64,74,2Cg1,ls,81,19,0,1.65,1.39,mineral
URI0606WH,RI009-2006-006-WH-P,Pishagqua,RI0606WH7,7,74,95,2Cg2,lcos,79.8,17.5,2.7,0.92,0.53,mineral
URI0607GB,RI003-2006-007-GB-P,Submerged Mainland Beach,RI0607GB1,1,0,17,Cg,fs,97.8,2.1,0.1,1.41,0.16,mineral
URI0607GB,RI003-2006-007-GB-P,Submerged Mainland Beach,RI0607GB2,2,17,31,C/A,fs,96.9,3,0.1,1.7,0.15,mineral
URI0607GB,RI003-2006-007-GB-P,Submerged Mainland Beach,RI0607GB3,3,31,36,Ab,fs,94.2,4.7,1.1,2.18,0.16,mineral
URI0607GB,RI003-2006-007-GB-P,Submerged Mainland Beach,RI0607GB4,4,36,41,C'g,fs,98,1.9,0.1,2.02,0.14,mineral
URI0607GB,RI003-2006-007-GB-P,Submerged Mainland Beach,RI0607GB5,5,41,64,CA,fs,96.3,3.1,0.6,1.59,0.14,mineral
URI0607GB,RI003-2006-007-GB-P,Submerged Mainland Beach,RI0607GB6,6,64,96,"Cg""",fs,97.3,1.7,1,1.28,0.14,mineral
URI0607WH,RI009-2006-007-WH-P,Fort Neck,RI0607WH9,1,0,14,A,sil,17,66.8,16.2,0.25,3.3,mineral
URI0607WH,RI009-2006-007-WH-P,Fort Neck,RI0607WH10,2,14,30,AC,sil,24,60,16,0.34,3.35,mineral
URI0607WH,RI009-2006-007-WH-P,Fort Neck,RI0607WH11,3,30,53,C,sil,27.8,55.6,16.6,0.47,2.72,mineral
URI0607WH,RI009-2006-007-WH-P,Fort Neck,RI0607WH12,4,53,60,2Ab,lfs,79.1,20.9,0,1.71,1.57,mineral
URI0607WH,RI009-2006-007-WH-P,Fort Neck,RI0607WH13,5,60,71,2C1,lfs,79,21,0,1.24,1.42,mineral
URI0607WH,RI009-2006-007-WH-P,Fort Neck,RI0607WH14,6,71,97,2C2,fs,93,7,0,0.71,0.66,mineral
URI0608GB,RI003-2006-008-GB-P,Mainland Cove,RI0608GB2,2,1,13,A2,sil,16.1,62.9,21,0.33,4.44,mineral
URI0608GB,RI003-2006-008-GB-P,Mainland Cove,RI0608GB3,3,13,26,AC,sil,24.2,65.5,10.3,0.65,4.28,mineral
URI0608GB,RI003-2006-008-GB-P,Mainland Cove,RI0608GB4,4,26,50,Cg1,sil,8.6,70.5,20.9,0.46,4.12,mineral
URI0608GB,RI003-2006-008-GB-P,Mainland Cove,RI0608GB5,5,50,91,Cg2,sil,35,59.9,5.1,1.08,1.59,mineral
URI0608WH,RI009-2006-008-WH-P,Fort Neck,RI0608WH1,1,0,1,A1,sil,6.2,81.6,12.2,0.15,3.78,mineral
URI0608WH,RI009-2006-008-WH-P,Fort Neck,RI0608WH2,2,1,10,A2,sil,5,79.7,15.3,0.25,3.4,mineral
URI0608WH,RI009-2006-008-WH-P,Fort Neck,RI0608WH3,3,10,26,AC,sil,8.8,78.5,12.7,0.36,3.15,mineral
URI0608WH,RI009-2006-008-WH-P,Fort Neck,RI0608WH4,4,26,65,C1,sil,16,68.4,15.6,0.18,3.13,mineral
URI0608WH,RI009-2006-008-WH-P,Fort Neck,RI0608WH5,5,65,74,2C2,lcos,74,25.5,0.5,1.26,2.15,mineral
URI0608WH,RI009-2006-008-WH-P,Fort Neck,RI0608WH6,6,74,88,2C3,lcos,82,18,0,0.9,0.81,mineral
URI0609WH,RI009-2006-009-WH-P,Anguilla,RI0609WH1,1,0,21,Cg,fs,93.5,6.5,0,0.92,0.37,mineral
URI0609WH,RI009-2006-009-WH-P,Anguilla,RI0609WH2,2,21,36,Ab,ls,85,15,0,1.26,0.88,mineral
URI0609WH,RI009-2006-009-WH-P,Anguilla,RI0609WH3,3,36,60,2Cg1,fsl,67,33,0,0.67,0.65,mineral
URI0609WH,RI009-2006-009-WH-P,Anguilla,RI0609WH4,4,60,78,2Cg2,sil,49.3,50.7,0,1.2,0.45,mineral
URI0609WH,RI009-2006-009-WH-P,Anguilla,RI0609WH5,5,78,120,3Cg3,sil,45,55,0,0.52,0.48,mineral
URI0705PJ,RI009-2007-005-PJ-P,Marshneck,RI0705PJ1,1,0,8,A,sil,27.6,61.9,10.5,1.23,0.86,mineral
URI0705PJ,RI009-2007-005-PJ-P,Marshneck,RI0705PJ2,2,8,44,C/A,lfs,83.4,16.1,0.5,1.53,0.5,mineral
URI0705PJ,RI009-2007-005-PJ-P,Marshneck,RI0705PJ3,3,44,122,Cg,fs,90.7,8.3,1,1.49,0.25,mineral
URI0705PJ,RI009-2007-005-PJ-P,Marshneck,RI0705PJ4,4,122,131,2Aseb,fs,97.7,2.3,0,0.99,2.02,mineral
URI0705PJ,RI009-2007-005-PJ-P,Marshneck,RI0705PJ5,5,131,152,2C,lfs,78.1,19.8,2.1,1.17,1.07,mineral
URI0705PJ,RI009-2007-005-PJ-P,Marshneck,RI0705PJ6,6,152,172,2ACse,fs,87,13,0,0.87,3.79,mineral
URI0705PJ,RI009-2007-005-PJ-P,Marshneck,RI0705PJ7,7,172,200,2Cse,sil,26.2,60.8,13,0.75,3.7,mineral
URI0705PJ,RI009-2007-005-PJ-P,Marshneck,RI0705PJ8,8,200,215,2Cg1,l,48.2,41.2,10.6,0.88,1.42,mineral
URI0705PJ,RI009-2007-005-PJ-P,Marshneck,RI0705PJ9,9,215,234,2Cg2,lvfs,85.6,12.4,2,1.08,1.57,mineral
URI0705PJ,RI009-2007-005-PJ-P,Marshneck,RI0705PJ11,10,234,248,2Ab,sil,19,66,15,0.73,3.41,mineral
URI0706PJ,RI009-2007-006-PJ-P,Anguilla,RI0706PJ1,1,0,37,ACse,l,49.9,42.2,7.9,1.16,1.67,mineral
URI0706PJ,RI009-2007-006-PJ-P,Anguilla,RI0706PJ2,2,37,58,Cse1,lfs,76.3,21.7,2,1.21,1.54,mineral
URI0706PJ,RI009-2007-006-PJ-P,Anguilla,RI0706PJ3,3,58,75,Cse2,lfs,72.4,26.4,1.2,1.44,1.29,mineral
URI0706PJ,RI009-2007-006-PJ-P,Anguilla,RI0706PJ4,4,75,91,Cse3,lfs,82.3,16.8,0.9,1.68,0.68,mineral
URI0706PJ,RI009-2007-006-PJ-P,Anguilla,RI0706PJ5,5,91,140,Cse4,lfs,82.1,17.3,0.6,1.75,0.42,mineral
URI0706PJ,RI009-2007-006-PJ-P,Anguilla,RI0706PJ6,6,140,184,Cse5,s,90.5,9.5,0,1.75,0.29,mineral
URI0706PJ,RI009-2007-006-PJ-P,Anguilla,RI0706PJ7,7,184,258,2Cse6,fs,87.3,12.7,0,1.68,0.58,mineral
URI0706PJ,RI009-2007-006-PJ-P,Anguilla,RI0706PJ8,8,258,280,2Cg,vfsl,64.3,34.9,0.8,1.71,0.61,mineral
URI0707PJ,RI009-2007-007-PJ-P,Billington,RI0707PJ1,1,0,18,Ase1,sil,28.8,59.2,12,0.67,5.33,mineral
URI0707PJ,RI009-2007-007-PJ-P,Billington,RI0707PJ2,2,18,42,Ase2,si,13,84.6,2.4,0.43,8.71,mucky_min
URI0707PJ,RI009-2007-007-PJ-P,Billington,RI0707PJ3,3,42,87,2Oa1,muck,,,,0.3,34.61,organic
URI0707PJ,RI009-2007-007-PJ-P,Billington,RI0707PJ4,4,87,98,2Oa2,muck,,,,0.36,25.93,organic
URI0707PJ,RI009-2007-007-PJ-P,Billington,RI0707PJ5,5,98,105,3A,si,15.6,84.4,0,1.06,2.53,mineral
URI0707PJ,RI009-2007-007-PJ-P,Billington,RI0707PJ6,6,105,129,3Cg1,sil,27.9,66.1,6,1.51,0.81,mineral
URI0707PJ,RI009-2007-007-PJ-P,Billington,RI0707PJ7,7,129,167,4Cg2,lcos,81.1,16.1,2.8,1.76,0.32,mineral
URI0707PJ,RI009-2007-007-PJ-P,Billington,RI0707PJ8,8,167,176,4Cg3,fsl,46.2,49.4,4.4,1.57,0.39,mineral
URI0708PJ,RI009-2007-008-PJ-P,Fort Neck,RI0708PJ1,1,0,19,A,l,48,37,15,0.85,3.37,mineral
URI0708PJ,RI009-2007-008-PJ-P,Fort Neck,RI0708PJ2,2,19,36,C,fsl,67,23,10,1.05,2.51,mineral
URI0708PJ,RI009-2007-008-PJ-P,Fort Neck,RI0708PJ3,3,36,50,2Cse1,fsl,61,35,4,1.46,0.32,mineral
URI0708PJ,RI009-2007-008-PJ-P,Fort Neck,RI0708PJ4,4,50,66,2Cse2,s,87,11,2,1.72,0.35,mineral
URI0708PJ,RI009-2007-008-PJ-P,Fort Neck,RI0708PJ5,5,66,98,3Cse3,lcos,86,12,2,1.11,0.23,mineral
URI0708PJ,RI009-2007-008-PJ-P,Fort Neck,RI0708PJ6,6,98,130,3Cse4,cos,95,3,2,1.25,0.28,mineral
URI0708PJ,RI009-2007-008-PJ-P,Fort Neck,RI0708PJ7,7,130,152,3Cse5,cos,96,2,2,1.44,0.26,mineral
URI0710PJ,RI009-2007-010-PJ-P,Massapog,RI0710PJ1,1,0,36,CA,fs,96.8,3.2,0,1.2,0.36,mineral
URI0710PJ,RI009-2007-010-PJ-P,Massapog,RI0710PJ2,2,36,46,Cg1,fs,96.4,2.4,1.2,1.41,0.23,mineral
URI0710PJ,RI009-2007-010-PJ-P,Massapog,RI0710PJ3,3,46,56,Cg2,fs,91.3,-0.4,9.1,1.22,0.28,mineral
URI0710PJ,RI009-2007-010-PJ-P,Massapog,RI0710PJ4,4,56,63,Ab,sil,34.8,65.2,0,0.52,3.89,mineral
URI0710PJ,RI009-2007-010-PJ-P,Massapog,RI0710PJ5,5,63,72,Cg,fs,97.6,2.3,0.1,1.23,0.29,mineral
URI0710PJ,RI009-2007-010-PJ-P,Massapog,RI0710PJ6,6,72,95,CA',fs,98.1,1.2,0.7,1.31,0.36,mineral
URI0710PJ,RI009-2007-010-PJ-P,Massapog,RI0710PJ7,7,95,105,C'g,fs,99.1,0.9,0,1.24,0.26,mineral
URI0710PJ,RI009-2007-010-PJ-P,Massapog,RI0710PJ8,8,105,122,CA'',lfs,83.5,16.5,0,1.41,0.51,mineral
URI0710PJ,RI009-2007-010-PJ-P,Massapog,RI0710PJ9,9,122,138,C''g,fs,96.8,3.2,0,1.32,0.34,mineral
URI0710PJ,RI009-2007-010-PJ-P,Massapog,RI0710PJ10,10,138,174,CAse,fs,96.8,3.2,0,1.39,0.42,mineral
URI0710PJ,RI009-2007-010-PJ-P,Massapog,RI0710PJ11,11,174,238,C''g,fs,95.6,3.4,1,1.17,0.47,mineral
URI0710PJ,RI009-2007-010-PJ-P,Massapog,RI0710PJ12,12,238,256,AC,fs,87.1,12.9,0,1.15,0.66,mineral
URI0710PJ,RI009-2007-010-PJ-P,Massapog,RI0710PJ13,13,256,278,C''g,fs,98.4,1.6,0,1.19,0.3,mineral
URI0711PJ,RI009-2007-011-PJ-P,Anguilla,RI0711PJ1,1,0,15,A,lfs,,,,1.35,0.51,mineral
URI0711PJ,RI009-2007-011-PJ-P,Anguilla,RI0711PJ2,2,15,54,ACse,fs,,,,1.4,0.59,mineral
URI0711PJ,RI009-2007-011-PJ-P,Anguilla,RI0711PJ3,3,54,79,Cg1,s,,,,1.35,0.14,mineral
URI0711PJ,RI009-2007-011-PJ-P,Anguilla,RI0711PJ4,4,79,86,Cg2,sl,,,,1.44,0.31,mineral
URI0711PJ,RI009-2007-011-PJ-P,Anguilla,RI0711PJ5,5,86,98,C1,ls,,,,1.38,0.27,mineral
URI0712PJ,RI009-2007-012-PJ-P,Marshneck,RI0712PJ1,1,0,9,Ase,l,50.8,36.7,12.5,0.72,2.38,mineral
URI0712PJ,RI009-2007-012-PJ-P,Marshneck,RI0712PJ2,2,9,20,ACse,vfsl,55.7,34.9,9.4,0.81,2.36,mineral
URI0712PJ,RI009-2007-012-PJ-P,Marshneck,RI0712PJ3,3,20,46,Cseg1,vfsl,64.7,27.8,7.5,1.08,1.61,mineral
URI0712PJ,RI009-2007-012-PJ-P,Marshneck,RI0712PJ4,4,46,56,Cseg2,l,47.9,39.8,12.3,0.88,2.45,mineral
URI0712PJ,RI009-2007-012-PJ-P,Marshneck,RI0712PJ5,5,56,93,Cseg3,sil,29.7,55.9,14.4,0.82,2.33,mineral
URI0712PJ,RI009-2007-012-PJ-P,Marshneck,RI0712PJ6,6,93,130,Cseg4,lvfs,77.9,18.5,3.6,1.47,0.44,mineral
URI0712PJ,RI009-2007-012-PJ-P,Marshneck,RI0712PJ7,7,130,190,Cseg5,vfs,94.1,4.4,1.5,1.28,0.38,mineral
URI0712PJ,RI009-2007-012-PJ-P,Marshneck,RI0712PJ8,8,190,224,Cseg6,vfs,86.9,10.6,2.5,1.37,0.19,mineral
URI0713PJ,RI009-2007-013-PJ-P,Anguilla,RI0713PJ1,1,0,15,A,lfs,80.8,12.8,6.4,1.04,1.18,mineral
URI0713PJ,RI009-2007-013-PJ-P,Anguilla,RI0713PJ2,2,15,28,CAse,fs,92.1,4.7,3.2,0.94,1.23,mineral
URI0713PJ,RI009-2007-013-PJ-P,Anguilla,RI0713PJ3,3,28,59,Cse,vfs,88.5,9.3,2.2,1.15,0.87,mineral
URI0713PJ,RI009-2007-013-PJ-P,Anguilla,RI0713PJ4,4,59,71,CA'se,lfs,79.8,15.8,4.4,0.92,1.38,mineral
URI0713PJ,RI009-2007-013-PJ-P,Anguilla,RI0713PJ5,5,71,96,C'se,s,93.6,5,1.4,1.38,0.99,mineral
URI0713PJ,RI009-2007-013-PJ-P,Anguilla,RI0713PJ6,6,96,161,Cg1,vfsl,59.9,39.2,0.9,0.55,3.11,mineral
URI0713PJ,RI009-2007-013-PJ-P,Anguilla,RI0713PJ7,7,161,183,Cg2,ls,81.5,12.3,6.2,0.71,1.63,mineral
URI0713PJ,RI009-2007-013-PJ-P,Anguilla,RI0713PJ8,8,183,200,Cg3,s,100.9,-2.3,1.4,1.26,0.21,mineral
URI0713PJ,RI009-2007-013-PJ-P,Anguilla,RI0713PJ9,9,200,221,Cg4,fs,89.4,9.5,1.1,0.95,1.2,mineral
URI0714PJ,RI009-2007-014-PJ-P,Marshneck,RI0714PJ1,1,0,19,Ase,vfsl,52.2,40.7,7.1,0.79,1.87,mineral
URI0714PJ,RI009-2007-014-PJ-P,Marshneck,RI0714PJ2,2,19,41,CAse,lfs,78.1,19,2.9,1.11,0.9,mineral
URI0714PJ,RI009-2007-014-PJ-P,Marshneck,RI0714PJ3,3,41,56,Cse,s,,,,1.09,0.5,mineral
URI0714PJ,RI009-2007-014-PJ-P,Marshneck,RI0714PJ4,4,56,81,CA'se,vfsl,65.7,29.8,4.5,0.72,0.96,mineral
URI0714PJ,RI009-2007-014-PJ-P,Marshneck,RI0714PJ5,5,81,97,C'se1,lfs,73.2,24,2.8,0.9,0.49,mineral
URI0714PJ,RI009-2007-014-PJ-P,Marshneck,RI0714PJ6,6,97,152,C'se2,fs,92.2,2.9,4.9,1.17,0.57,mineral
URI0714PJ,RI009-2007-014-PJ-P,Marshneck,RI0714PJ7,7,152,223,C'se3,lfs,,,,1.1,0.97,mineral
URI0714PJ,RI009-2007-014-PJ-P,Marshneck,RI0714PJ8,8,223,276,C'se4,vfsl,73.8,21.4,4.8,0.95,1.57,mineral
URI0714PJ,RI009-2007-014-PJ-P,Marshneck,RI0714PJ9,9,276,303,C'se5,vfsl,63.7,29.4,6.9,0.91,2.13,mineral
URI0801NP,RI009-2008-001-NP,Nagunt,RI0801NP1,1,0,18,C,s,,,,1.25,0.21,mineral
URI0801NP,RI009-2008-001-NP,Nagunt,RI0801NP2,2,18,28,Cse1,s,,,,1.41,0.22,mineral
URI0801NP,RI009-2008-001-NP,Nagunt,RI0801NP3,3,28,62,Cse2,fs,,,,1.31,0.13,mineral
URI0801NP,RI009-2008-001-NP,Nagunt,RI0801NP4,4,62,113,Cse3,s,,,,1.37,0.13,mineral
URI0801NP,RI009-2008-001-NP,Nagunt,RI0801NP5,5,113,146,Cg,fs,,,,1.19,0.17,mineral
URI0802NP,RI009-2008-002-NP,Nagunt,RI0802NP1,1,0,16,C,s,,,,1.24,1.09,mineral
URI0802NP,RI009-2008-002-NP,Nagunt,RI0802NP2,2,16,33,Cg,s,,,,1.27,0.21,mineral
URI0802NP,RI009-2008-002-NP,Nagunt,RI0802NP3,3,33,62,Cse1,fs,,,,1.36,0.14,mineral
URI0802NP,RI009-2008-002-NP,Nagunt,RI0802NP4,4,62,116,Cse2,s,,,,1.26,0.17,mineral
URI0802NP,RI009-2008-002-NP,Nagunt,RI0802NP5,5,116,120,Ab,s,,,,1.09,0.81,mineral
URI0802NP,RI009-2008-002-NP,Nagunt,RI0802NP6,6,120,144,C'se,fs,,,,1.36,0.2,mineral
URI0803NP,RI009-2008-003-NP,Nagunt,RI0803NP1,1,0,9,A1,s,,,,1.27,0.42,mineral
URI0803NP,RI009-2008-003-NP,Nagunt,RI0803NP2,2,9,20,A2,s,,,,1.3,0.31,mineral
URI0803NP,RI009-2008-003-NP,Nagunt,RI0803NP3,3,20,35,CAse,s,,,,1.38,0.33,mineral
URI0803NP,RI009-2008-003-NP,Nagunt,RI0803NP4,4,35,78,Cse,s,,,,1.1,0.17,mineral
URI0803NP,RI009-2008-003-NP,Nagunt,RI0803NP5,5,78,104,Cg,s,,,,1.24,0.73,mineral
URI0803NP,RI009-2008-003-NP,Nagunt,RI0803NP6,6,104,127,Aseb,sil,,,,1.23,1.06,mineral
URI0803NP,RI009-2008-003-NP,Nagunt,RI0803NP7,7,127,145,CA'se,fsl,,,,1.19,1.01,mineral
URI0803NP,RI009-2008-003-NP,Nagunt,RI0803NP8,8,145,174,C'se,lfs,,,,0.97,1,mineral
URI0803NP,RI009-2008-003-NP,Nagunt,RI0803NP9,9,174,226,2Cse,fsl,,,,0.7,2.69,mineral
URI0804NP,RI009-2008-004-NP,Pishagqua,RI0804NP1,1,0,12,A,fsl,,,,0.47,3.33,mineral
URI0804NP,RI009-2008-004-NP,Pishagqua,RI0804NP2,2,12,26,C/Ase,sil,,,,0.64,2.66,mineral
URI0804NP,RI009-2008-004-NP,Pishagqua,RI0804NP3,3,26,49,Cse1,sil,,,,0.64,2.98,mineral
URI0804NP,RI009-2008-004-NP,Pishagqua,RI0804NP4,4,49,128,Cse2,sil,,,,0.63,2.31,mineral
URI0804NP,RI009-2008-004-NP,Pishagqua,RI0804NP5,5,128,141,Cse3,sil,,,,0.58,3.11,mineral
URI0805NP,RI009-2008-005-NP,Napatree,RI0805NP1,1,0,11,Ase,s,,,,1.17,0.46,mineral
URI0805NP,RI009-2008-005-NP,Napatree,RI0805NP2,2,11,27,CAse,s,,,,1.15,0.58,mineral
URI0805NP,RI009-2008-005-NP,Napatree,RI0805NP3,3,27,64,Cse1,sl,,,,1.08,1.48,mineral
URI0805NP,RI009-2008-005-NP,Napatree,RI0805NP4,4,64,76,Cse2,ls,,,,1.18,0.58,mineral
URI0805NP,RI009-2008-005-NP,Napatree,RI0805NP5,5,76,109,Cse3,s,,,,1.06,0.54,mineral
URI0805NP,RI009-2008-005-NP,Napatree,RI0805NP6,6,109,142,2C1,silcos,,,,1.5,0.82,mineral
URI0805NP,RI009-2008-005-NP,Napatree,RI0805NP7,7,142,162,2C2,sil,,,,1.32,0.78,mineral
URI0805NP,RI009-2008-005-NP,Napatree,RI0805NP8,8,162,170,2C3,sl,,,,1.39,0.59,mineral
URI0806NP,RI009-2008-006-NP,Anguilla,RI0806NP1,1,0,3,A,sl,61.4,34.6,4,1.01,1.65,mineral
URI0806NP,RI009-2008-006-NP,Anguilla,RI0806NP2,2,3,10,Ase,s,93.6,5.7,0.7,1.36,0.41,mineral
URI0806NP,RI009-2008-006-NP,Anguilla,RI0806NP3,3,10,27,CAse,cos,92.5,6,1.5,1.13,0.38,mineral
URI0806NP,RI009-2008-006-NP,Anguilla,RI0806NP4,4,27,38,CA,fs,98,0,2,1.45,0.52,mineral
URI0806NP,RI009-2008-006-NP,Anguilla,RI0806NP5,5,38,48,Cg,cos,93.5,5.3,1.2,1.01,0.24,mineral
URI0806NP,RI009-2008-006-NP,Anguilla,RI0806NP6,6,48,71,Cse,cos,96.8,2.7,0.5,0.94,0.19,mineral
URI0806NP,RI009-2008-006-NP,Anguilla,RI0806NP7,7,71,94,C'g,cos,95.3,3.9,0.8,0.84,0.25,mineral
URI0807NP,RI009-2008-007-NP,Billington,RI0807NP1,1,0,5,A,cosl,62.6,28.8,8.6,0.43,2.48,mineral
URI0807NP,RI009-2008-007-NP,Billington,RI0807NP2,2,5,19,Ase,cosl,64.1,27.1,8.8,0.42,3.25,mineral
URI0807NP,RI009-2008-007-NP,Billington,RI0807NP3,3,19,40,CAse,cos,94.1,4.6,1.3,0.99,0.44,mineral
URI0807NP,RI009-2008-007-NP,Billington,RI0807NP4,4,40,50,Cg,cosl,67,22.4,10.6,0.64,2.89,mineral
URI0807NP,RI009-2008-007-NP,Billington,RI0807NP5,5,50,64,2Oab,muck,,,,0.29,9.37,mucky_min
URI0807NP,RI009-2008-007-NP,Billington,RI0807NP6,6,64,79,2Ab,sl,62.2,33.3,4.5,0.9,2.24,mineral
URI0807NP,RI009-2008-007-NP,Billington,RI0807NP7,7,79,100,2AC1,sl,65.5,31.9,2.6,0.97,1.51,mineral
URI0807NP,RI009-2008-007-NP,Billington,RI0807NP8,8,100,130,2AC2,sl,72,25.5,2.5,1.46,1.09,mineral
URI0808NP,RI009-2008-008-NP,Nagunt,RI0808NP1,1,0,21,C1,lfs,72.6,27.4,0,0.97,0.62,mineral
URI0808NP,RI009-2008-008-NP,Nagunt,RI0808NP2,2,21,35,Cg1,lfs,71,28.3,0.7,0.67,0.44,mineral
URI0808NP,RI009-2008-008-NP,Nagunt,RI0808NP3,3,35,58,Cg2,fsl,65.2,33.6,1.2,0.91,2.22,mineral
URI0808NP,RI009-2008-008-NP,Nagunt,RI0808NP4,4,58,68,Ab,lfs,73.5,23.8,2.7,0.78,2.4,mineral
URI0808NP,RI009-2008-008-NP,Nagunt,RI0808NP5,5,68,75,Cg,sil,30.1,69.9,0,1.11,0.64,mineral
URI0808NP,RI009-2008-008-NP,Nagunt,RI0808NP6,6,75,86,C/A,lfs,83,17,0,0.84,2.08,mineral
URI0808NP,RI009-2008-008-NP,Nagunt,RI0808NP7,7,86,93,C'g,fsl,70.3,29.2,0.5,1.04,0.43,mineral
URI0808NP,RI009-2008-008-NP,Nagunt,RI0808NP8,8,93,103,A'b,vfsl,59.1,36,4.9,0.89,2.45,mineral
URI0808NP,RI009-2008-008-NP,Nagunt,RI0808NP9,9,103,127,CA1,cos,99,0,1,0.98,2.98,mineral
URI0808NP,RI009-2008-008-NP,Nagunt,RI0808NP10,10,127,137,CA2,fs,90,10,0,1.03,2.53,mineral
URI0808NP,RI009-2008-008-NP,Nagunt,RI0808NP11,11,137,158,2Aseb,sil,25.4,57.4,17.2,0.72,4.14,mineral
URI0808NP,RI009-2008-008-NP,Nagunt,RI0808NP12,12,158,172,2ACse1,sil,4.1,70.3,25.6,0.56,4.27,mineral
URI0808NP,RI009-2008-008-NP,Nagunt,RI0808NP13,13,172,199,2ACse2,sil,22.7,66.3,11,0.79,3.64,mineral
URI0808NP,RI009-2008-008-NP,Nagunt,RI0808NP14,14,199,214,2A'seb,sil,28.9,61.5,9.6,0.96,2.33,mineral
URI0809NP,RI009-2008-009-NP,Pishagqua,RI0809NP1,1,0,24,Ase,sil,23.3,58.5,18.2,0.44,5.31,mineral
URI0809NP,RI009-2008-009-NP,Pishagqua,RI0809NP2,2,24,35,ACse1,l,44.2,44.5,11.3,0.4,5.3,mineral
URI0809NP,RI009-2008-009-NP,Pishagqua,RI0809NP3,3,35,48,ACse2,ls,76.4,19.5,4.1,1.18,0.69,mineral
URI0809NP,RI009-2008-009-NP,Pishagqua,RI0809NP4,4,48,56,2Cse1,s,92.1,5.9,2,1.42,0.24,mineral
URI0809NP,RI009-2008-009-NP,Pishagqua,RI0809NP5,5,56,77,2Cse2,cos,96,3,1,1.28,0.18,mineral
URI0810NP,RI009-2008-010-NP,Nagunt,RI0810NP1,1,0,5,Ase,fs,88.8,7.7,3.5,0.88,1.28,mineral
URI0810NP,RI009-2008-010-NP,Nagunt,RI0810NP2,2,5,13,CAse1,fs,95.2,2.8,2,1.03,0.68,mineral
URI0810NP,RI009-2008-010-NP,Nagunt,RI0810NP3,3,13,23,CAse2,lfs,84.6,12.4,3,0.86,1.08,mineral
URI0810NP,RI009-2008-010-NP,Nagunt,RI0810NP4,4,23,34,CAse3,fs,91.9,5.9,2.2,0.81,0.99,mineral
URI0810NP,RI009-2008-010-NP,Nagunt,RI0810NP5,5,34,43,Cse,fs,96,4,0,0.82,0.4,mineral
URI0810NP,RI009-2008-010-NP,Nagunt,RI0810NP6,6,43,53,C/A,lfs,83.8,12.4,3.8,1.06,1.26,mineral
URI0810NP,RI009-2008-010-NP,Nagunt,RI0810NP7,7,53,74,Aseb,vfsl,,,,0.94,1.79,mineral
URI0810NP,RI009-2008-010-NP,Nagunt,RI0810NP8,8,74,103,CA'se,ls,78.6,21.1,0.3,1.02,0.75,mineral
URI0810NP,RI009-2008-010-NP,Nagunt,RI0810NP9,9,103,150,A'seb,lfs,73.9,26.1,0,1.07,1.01,mineral
URI0810NP,RI009-2008-010-NP,Nagunt,RI0810NP10,10,150,200,ACse,vfsl,58.8,41.2,0,0.97,1.62,mineral
URI0811QP,RI009-2008-011-QP,Fort Neck,RI0811QP1,1,0,27,Ase,l,44.8,45.4,9.8,0.56,5.82,mineral
URI0811QP,RI009-2008-011-QP,Fort Neck,RI0811QP2,2,27,52,ACse,sil,22.3,61,16.7,0.56,4.63,mineral
URI0811QP,RI009-2008-011-QP,Fort Neck,RI0811QP3,3,52,76,C,ls,80,20,0,1.28,0.88,mineral
URI0811QP,RI009-2008-011-QP,Fort Neck,RI0811QP4,4,76,100,2Cse,sil,39.5,58.2,2.3,0.92,0.78,mineral
URI0811QP,RI009-2008-011-QP,Fort Neck,RI0811QP5,5,100,126,3Cg1,lcos,79.7,20.3,0,1,0.23,mineral
URI0811QP,RI009-2008-011-QP,Fort Neck,RI0811QP6,6,126,168,3Cg2,lcos,82.6,17.1,0.3,1.17,0.19,mineral
URI0812QP,RI009-2008-012-QP,Napatree,RI0812QP1,1,0,13,Cg,s,92.4,6.6,1,1.3,0.3,mineral
URI0812QP,RI009-2008-012-QP,Napatree,RI0812QP2,2,13,23,Cse,ls,83.2,15.1,1.7,1.07,0.36,mineral
URI0812QP,RI009-2008-012-QP,Napatree,RI0812QP3,3,23,38,C'g,lfs,83,15.4,1.6,1.56,0.23,mineral
URI0812QP,RI009-2008-012-QP,Napatree,RI0812QP4,4,38,48,2Cg1,sil,21.3,73.9,4.8,1.73,0.38,mineral
URI0812QP,RI009-2008-012-QP,Napatree,RI0812QP5,5,48,93,2Cg2,sil,29.7,66.5,3.8,1.32,0.61,mineral
URI0813QP,RI009-2008-013-QP,Nagunt,RI0813QP1,1,0,6,Cg,s,,,,1.17,0.29,mineral
URI0813QP,RI009-2008-013-QP,Nagunt,RI0813QP2,2,6,28,AC,cos,98.1,1.9,0,1.63,0.16,mineral
URI0813QP,RI009-2008-013-QP,Nagunt,RI0813QP3,3,28,86,Cse1,cos,98.3,0.1,1.6,1.16,0.12,mineral
URI0813QP,RI009-2008-013-QP,Nagunt,RI0813QP4,4,86,98,Cse2,cos,98.6,0.4,1,1.23,0.15,mineral
URI0813QP,RI009-2008-013-QP,Nagunt,RI0813QP5,5,98,104,Cse3,fs,93.9,4.9,1.2,1.15,0.24,mineral
URI0813QP,RI009-2008-013-QP,Nagunt,RI0813QP6,6,104,114,CAseb,fs,96.3,3.7,0,1.1,0.36,mineral
URI0813QP,RI009-2008-013-QP,Nagunt,RI0813QP7,7,114,118,Aseb,cos,97.6,2.4,0,1.55,0.32,mineral
URI0901QP,RI009-2009-001-QP,Massapog,RI0901QP1,1,0,14,Cg1,fs,92.9,4.7,2.4,0.89,0.52,mineral
URI0901QP,RI009-2009-001-QP,Massapog,RI0901QP2,2,14,33,Cg2,fs,97.5,2.4,0.1,1.14,0.25,mineral
URI0901QP,RI009-2009-001-QP,Massapog,RI0901QP3,3,33,42,CAse,fs,97,1.5,1.5,0.97,0.38,mineral
URI0901QP,RI009-2009-001-QP,Massapog,RI0901QP4,4,42,47,Aseb,fs,95.5,3.7,0.8,1.01,1.11,mineral
URI0901QP,RI009-2009-001-QP,Massapog,RI0901QP5,5,47,55,CA'se,fs,97.2,1,1.8,1.09,0.44,mineral
URI0901QP,RI009-2009-001-QP,Massapog,RI0901QP6,6,55,90,C'g1,fs,95.9,2,2.1,0.85,0.33,mineral
URI0901QP,RI009-2009-001-QP,Massapog,RI0901QP7,7,90,108,C'g2,fs,97.2,1.8,1,0.94,0.2,mineral
URI0901QP,RI009-2009-001-QP,Massapog,RI0901QP8,8,108,137,C'g3,fs,99.3,-0.4,1.1,0.84,0.28,mineral
URI0901QP,RI009-2009-001-QP,Massapog,RI0901QP9,9,137,146,C/A,fs,98.2,1.6,0.2,0.92,0.85,mineral
URI0901QP,RI009-2009-001-QP,Massapog,RI0901QP10,10,146,172,C''g,fs,98.7,0.5,0.8,0.75,0.23,mineral
URI0901QP,RI009-2009-001-QP,Massapog,RI0901QP11,11,172,186,Oab,fs,97.3,2,0.7,0.69,2.89,mineral
URI0901QP,RI009-2009-001-QP,Massapog,RI0901QP12,12,186,198,C'''g,fs,97,2.8,0.2,0.91,0.34,mineral
URI0902QP,RI009-2009-002-QP,Massapog,RI0902QP1,1,0,14,CA,fs,95.2,4.4,0.4,1.16,0.35,mineral
URI0902QP,RI009-2009-002-QP,Massapog,RI0902QP2,2,14,45,ACse,fs,91.2,8.3,0.5,1.44,0.61,mineral
URI0902QP,RI009-2009-002-QP,Massapog,RI0902QP3,3,45,64,Cg,s,93.2,6,0.8,1.55,0.34,mineral
URI0902QP,RI009-2009-002-QP,Massapog,RI0902QP4,4,64,93,AC'se,fs,92.7,6.7,0.6,1.37,0.32,mineral
URI0902QP,RI009-2009-002-QP,Massapog,RI0902QP5,5,93,104,Aseb,fs,90.6,8.7,0.7,1.56,0.57,mineral
URI0902QP,RI009-2009-002-QP,Massapog,RI0902QP6,6,104,115,Cse,fs,,,,1.5,0.5,mineral
URI0902QP,RI009-2009-002-QP,Massapog,RI0902QP7,7,115,145,C'g1,s,96.8,3,0.2,1.52,0.12,mineral
URI0902QP,RI009-2009-002-QP,Massapog,RI0902QP8,8,145,159,C'g2,fs,97.6,2.2,0.2,1.12,0.21,mineral
URI0902QP,RI009-2009-002-QP,Massapog,RI0902QP9,9,159,172,CA',fs,97.5,2,0.5,1.59,0.33,mineral
URI0902QP,RI009-2009-002-QP,Massapog,RI0902QP10,10,172,184,C''g,fs,97.4,2.4,0.2,1.28,0.22,mineral
URI0902QP,RI009-2009-002-QP,Massapog,RI0902QP11,11,184,273,C/A,lfs,80.5,18.1,1.4,1.05,0.89,mineral
URI0903QP,RI009-2009-003-QP,Nagunt,RI0903QP1,1,0,19,Cg1,cos,97.6,2,0.4,1.43,0.13,mineral
URI0903QP,RI009-2009-003-QP,Nagunt,RI0903QP2,2,19,35,Cg2,s,99.4,0.6,0,1.32,0.09,mineral
URI0903QP,RI009-2009-003-QP,Nagunt,RI0903QP3,3,35,55,Cg3,cos,99.1,0.9,0,1.31,0.11,mineral
URI0903QP,RI009-2009-003-QP,Nagunt,RI0903QP4,4,55,74,Cg4,cos,98.8,1.1,0.1,1.61,0.14,mineral
URI0903QP,RI009-2009-003-QP,Nagunt,RI0903QP5,5,74,108,Cse1,s,100.1,-0.2,0.1,1.25,0.12,mineral
URI0903QP,RI009-2009-003-QP,Nagunt,RI0903QP6,6,108,118,Cse2,s,99.3,0.6,0.1,1.47,0.16,mineral
URI0904QP,RI009-2009-004-QP,Nagunt,RI0904QP1,1,0,25,Cg,s,98.1,0.5,1.4,1.47,0.12,mineral
URI0904QP,RI009-2009-004-QP,Nagunt,RI0904QP2,2,25,36,Cse1,s,99,-0.1,1.1,1.49,0.1,mineral
URI0904QP,RI009-2009-004-QP,Nagunt,RI0904QP3,3,36,60,Cse2,s,99.2,0.1,0.7,1.22,0.12,mineral
URI0904QP,RI009-2009-004-QP,Nagunt,RI0904QP4,4,60,76,C'g1,s,98.2,0.2,1.6,1.48,0.09,mineral
URI0904QP,RI009-2009-004-QP,Nagunt,RI0904QP5,5,76,83,C'g2,s,97.7,-0.7,3,1.52,0.17,mineral
URI0904QP,RI009-2009-004-QP,Nagunt,RI0904QP6,6,83,93,C'g3,s,99.1,-1.4,2.3,1.67,0.14,mineral
URI0904QP,RI009-2009-004-QP,Nagunt,RI0904QP7,7,93,103,C'g4,cos,99.5,-1.6,2.1,1.33,0.13,mineral
URI0904QP,RI009-2009-004-QP,Nagunt,RI0904QP8,8,103,121,CA,s,98.3,-0.3,2,1.66,0.15,mineral
URI0905QP,RI009-2009-005-QP,Napatree,RI0905QP1,1,0,5,A,l,43.7,46.6,9.7,0.83,1.9,mineral
URI0905QP,RI009-2009-005-QP,Napatree,RI0905QP2,2,5,17,CA1,ls,80.6,17.6,1.8,1.07,0.77,mineral
URI0905QP,RI009-2009-005-QP,Napatree,RI0905QP3,3,17,41,CA2,ls,78.9,18.9,2.2,0.76,0.48,mineral
URI0905QP,RI009-2009-005-QP,Napatree,RI0905QP4,4,41,53,2C1,fsl,51.7,44.8,3.5,1.63,0.88,mineral
URI0905QP,RI009-2009-005-QP,Napatree,RI0905QP5,5,53,74,2C2,sil,35.7,59.1,5.2,1.58,0.77,mineral
URI0905QP,RI009-2009-005-QP,Napatree,RI0905QP6,6,74,109,2C3,sil,40,57.3,2.7,1.7,0.54,mineral
URI0905QP,RI009-2009-005-QP,Napatree,RI0905QP7,7,109,114,2C4,sil,39.8,56.1,4.1,1.43,0.66,mineral
URI0905QP,RI009-2009-005-QP,Napatree,RI0905QP8,8,114,120,2C5,sil,39.3,56.8,3.9,1.52,0.78,mineral
URI0906QP,RI009-2009-006-QP,Napatree,RI0906QP1,1,0,10,A,l,51.7,39.4,8.9,0.82,2.08,mineral
URI0906QP,RI009-2009-006-QP,Napatree,RI0906QP2,2,10,25,A/Cse,lcos,85.4,11.5,3.1,1.06,0.6,mineral
URI0906QP,RI009-2009-006-QP,Napatree,RI0906QP3,3,25,35,2Cg,cos,94.5,4.9,0.6,0.77,0.42,mineral
URI0906QP,RI009-2009-006-QP,Napatree,RI0906QP4,4,35,57,2Cse,cos,97.7,1.9,0.4,1.23,0.26,mineral
URI0907PJ,RI009-2009-007-PJ,Massapog,RI0907PJ1,1,0,21,Cg1,s,94.5,4.9,0.6,1.16,0.37,mineral
URI0907PJ,RI009-2009-007-PJ,Massapog,RI0907PJ2,2,21,56,Cg2,fs,97.9,1.9,0.2,1.22,0.26,mineral
URI0907PJ,RI009-2009-007-PJ,Massapog,RI0907PJ3,3,56,79,Cg3,fs,98.2,1.4,0.4,1.36,0.3,mineral
URI0907PJ,RI009-2009-007-PJ,Massapog,RI0907PJ4,4,79,98,AC,vfsl,70.3,25,4.7,1.01,1.88,mineral
URI0907PJ,RI009-2009-007-PJ,Massapog,RI0907PJ5,5,98,128,Cse,fs,93.7,5.9,0.4,1.41,0.63,mineral
URI0907PJ,RI009-2009-007-PJ,Massapog,RI0907PJ6,6,128,152,C'g1,fs,90,7.2,2.8,1.39,0.84,mineral
URI0907PJ,RI009-2009-007-PJ,Massapog,RI0907PJ7,7,152,167,C'g2,fs,97.5,1.4,1.1,1.57,0.31,mineral
URI0907PJ,RI009-2009-007-PJ,Massapog,RI0907PJ8,8,167,183,C'g3,fs,96.5,1.8,1.7,1.45,0,mineral
URI0908PJ,RI009-2009-008-PJ,Massapog,RI0908PJ1,1,0,14,Cg1,fs,92.9,5.7,1.4,1.4,0.42,mineral
URI0908PJ,RI009-2009-008-PJ,Massapog,RI0908PJ2,2,14,51,Cg2,s,,,,1.18,0.18,mineral
URI0908PJ,RI009-2009-008-PJ,Massapog,RI0908PJ3,3,51,71,Cg3,fs,97.7,2.3,0,1.22,0.2,mineral
URI0908PJ,RI009-2009-008-PJ,Massapog,RI0908PJ4,4,71,84,Cg4,fs,99.1,0.9,0,1.42,0.3,mineral
URI0908PJ,RI009-2009-008-PJ,Massapog,RI0908PJ5,5,84,97,Cse,fs,97.8,2,0.2,1.58,0.29,mineral
URI0908PJ,RI009-2009-008-PJ,Massapog,RI0908PJ6,6,97,108,C'g,fs,99.1,0.9,0,1.22,0.27,mineral
URI0908PJ,RI009-2009-008-PJ,Massapog,RI0908PJ7,7,108,127,C/Ase,fs,97.2,2.6,0.2,0.97,1.07,mineral
URI0908PJ,RI009-2009-008-PJ,Massapog,RI0908PJ8,8,127,154,C'se1,fs,98.8,1.1,0.1,1.34,0.37,mineral
URI0908PJ,RI009-2009-008-PJ,Massapog,RI0908PJ9,9,154,161,C'se2,fs,86.3,12.3,1.4,1.41,0.87,mineral
URI0908PJ,RI009-2009-008-PJ,Massapog,RI0908PJ10,10,161,173,ACse,vfsl,56.8,36,7.2,0.98,2.01,mineral
URI0909PJ,RI009-2009-009-PJ,Massapog,RI0909PJ1,1,0,15,AC,fs,93.3,6.5,0.2,0.82,0.44,mineral
URI0909PJ,RI009-2009-009-PJ,Massapog,RI0909PJ2,2,15,43,Cg,fs,98.3,1.5,0.2,1.18,0.24,mineral
URI0909PJ,RI009-2009-009-PJ,Massapog,RI0909PJ3,3,43,58,Cse,fs,97.3,2.2,0.5,1.21,0.22,mineral
URI0909PJ,RI009-2009-009-PJ,Massapog,RI0909PJ4,4,58,71,ACse,fs,92.6,6.6,0.8,1.49,0.51,mineral
URI0909PJ,RI009-2009-009-PJ,Massapog,RI0909PJ5,5,71,79,Aseb1,fsl,68.6,27.8,3.6,1.01,1.71,mineral
URI0909PJ,RI009-2009-009-PJ,Massapog,RI0909PJ6,6,79,90,Ab,fs,86.2,12.4,1.4,1.28,0.61,mineral
URI0909PJ,RI009-2009-009-PJ,Massapog,RI0909PJ7,7,90,96,C'g1,fs,96,3.4,0.6,1.63,0.41,mineral
URI0909PJ,RI009-2009-009-PJ,Massapog,RI0909PJ8,8,96,127,C'g2,fs,96.8,2.3,0.9,1.45,0.38,mineral
URI0909PJ,RI009-2009-009-PJ,Massapog,RI0909PJ9,9,127,147,Cg3,fs,94.9,4,1.1,1.29,0.34,mineral
URI0909PJ,RI009-2009-009-PJ,Massapog,RI0909PJ10,10,147,174,Cg4,fs,95.5,3.3,1.2,1.35,0.49,mineral
URI0911PJ,RI009-2009-011-PJ,Fort Neck,RI0911PJ1,1,0,12,Ase1,sil,11.2,68.6,20.2,0.65,3.81,mineral
URI0911PJ,RI009-2009-011-PJ,Fort Neck,RI0911PJ2,2,12,51,Ase2,sil,,,,0.48,4,mineral
URI0911PJ,RI009-2009-011-PJ,Fort Neck,RI0911PJ3,3,51,83,2Ase,fsl,,,,1.22,0.75,mineral
URI0911PJ,RI009-2009-011-PJ,Fort Neck,RI0911PJ4,4,83,92,2BAse,sl,,,,1.32,1.1,mineral
URI0911PJ,RI009-2009-011-PJ,Fort Neck,RI0911PJ5,5,92,127,2Cg1,sl,,,,0.98,0.88,mineral
URI0911PJ,RI009-2009-011-PJ,Fort Neck,RI0911PJ6,6,127,145,2Cg2,fs,,,,1.23,0.24,mineral
URI0912PJ,RI009-2009-012-PJ,Anguilla,RI0912PJ1,1,0,11,A,s,93.9,6,0.1,1.47,0.49,mineral
URI0912PJ,RI009-2009-012-PJ,Anguilla,RI0912PJ2,2,11,34,ACse,s,92.4,6.6,1,1.03,0.6,mineral
URI0912PJ,RI009-2009-012-PJ,Anguilla,RI0912PJ3,3,34,51,2Oa,muck,,,,0.19,29.64,organic
URI0912PJ,RI009-2009-012-PJ,Anguilla,RI0912PJ4,4,51,56,3Ab,sl,45.9,48.6,5.5,0.87,3.66,mineral
URI0912PJ,RI009-2009-012-PJ,Anguilla,RI0912PJ5,5,56,72,3Bwse,sil,,,,1.03,2.33,mineral
URI0912PJ,RI009-2009-012-PJ,Anguilla,RI0912PJ6,6,72,90,3Cse1,sil,,,,1.35,1.36,mineral
URI0912PJ,RI009-2009-012-PJ,Anguilla,RI0912PJ7,7,90,118,3Cse2,sil,,,,1.56,1.11,mineral
URI0912PJ,RI009-2009-012-PJ,Anguilla,RI0912PJ8,8,118,146,4Cse3,cos,,,,1.29,0,mineral
URI0913PJ,RI009-2009-013-PJ,Anguilla,RI0913PJ1,1,0,14,A1,ls,85.7,12.3,2,1.29,0.91,mineral
URI0913PJ,RI009-2009-013-PJ,Anguilla,RI0913PJ2,2,14,26,A2,fsl,70.6,23.4,6,0.87,1.59,mineral
URI0913PJ,RI009-2009-013-PJ,Anguilla,RI0913PJ3,3,26,40,A3,fsl,75,19.7,5.3,1.44,1.19,mineral
URI0913PJ,RI009-2009-013-PJ,Anguilla,RI0913PJ4,4,40,58,AC,s,88.7,9.2,2.1,1.41,0.99,mineral
URI0913PJ,RI009-2009-013-PJ,Anguilla,RI0913PJ5,5,58,64,ACse,ls,75.6,22.2,2.2,0.76,3.9,mineral
URI0913PJ,RI009-2009-013-PJ,Anguilla,RI0913PJ6,6,64,104,Cse,s,96.2,3.5,0.3,1.46,0.71,mineral
URI0913PJ,RI009-2009-013-PJ,Anguilla,RI0913PJ7,7,104,116,Oab1,muck,,,,0.33,4.95,mineral
URI0913PJ,RI009-2009-013-PJ,Anguilla,RI0913PJ8,8,116,165,Oab2,muck,,,,0.16,38.59,organic
URI0916NP,RI009-2009-016-NP,Billington,RI0916NP1,1,0,12,Ase1,sil,12.4,64.4,23.2,0.29,7,mineral
URI0916NP,RI009-2009-016-NP,Billington,RI0916NP2,2,12,53,Ase2,sil,,,,0.27,7.64,mucky_min
URI0916NP,RI009-2009-016-NP,Billington,RI0916NP3,3,53,88,Ase3,sic,9.6,50.3,40.1,0.48,6.21,mineral
URI0916NP,RI009-2009-016-NP,Billington,RI0916NP4,4,88,98,ACse,sil,38.8,51.1,10.1,0.25,26.64,organic
URI0916NP,RI009-2009-016-NP,Billington,RI0916NP5,5,98,130,2Oe1,mpt,,,,0.12,35.06,organic
URI0916NP,RI009-2009-016-NP,Billington,RI0916NP6,6,130,191,2Oe2,mpt,,,,0.15,37.27,organic
URI0916NP,RI009-2009-016-NP,Billington,RI0916NP7,7,191,209,3E,lcos,81.7,16.9,1.4,1.44,0.41,mineral
URI0916NP,RI009-2009-016-NP,Billington,RI0916NP8,8,209,224,3Bhs1,lcos,80.1,17,2.9,0.88,7.77,mucky_min
URI0916NP,RI009-2009-016-NP,Billington,RI0916NP9,9,224,232,3Bhs2,lcos,83,14.8,2.2,1.56,3.22,mineral
URI0916NP,RI009-2009-016-NP,Billington,RI0916NP10,10,232,240,4C,sil,41.1,52.7,6.2,1.13,3.14,mineral
URI0917NP,RI009-2009-017-NP,Massapog,RI0917NP1,1,0,10,Cg,fs,94.2,5.8,0,1.47,0.34,mineral
URI0917NP,RI009-2009-017-NP,Massapog,RI0917NP2,2,10,28,C/Ase,lfs,84.8,13.3,1.9,1.48,0.37,mineral
URI0917NP,RI009-2009-017-NP,Massapog,RI0917NP3,3,28,46,C'g,s,98.1,1.1,0.8,1.2,0.11,mineral
URI0917NP,RI009-2009-017-NP,Massapog,RI0917NP4,4,46,82,A/C,lfs,83.6,14.6,1.8,1.27,1.36,mineral
URI0917NP,RI009-2009-017-NP,Massapog,RI0917NP5,5,82,93,C/A',fs,92.3,6.4,1.3,1.22,1.47,mineral
URI0917NP,RI009-2009-017-NP,Massapog,RI0917NP6,6,93,100,C''g,fs,97.8,1.1,1.1,1.43,0.32,mineral
URI0917NP,RI009-2009-017-NP,Massapog,RI0917NP7,7,100,112,Aseb,fsl,72,25.9,2.1,0.86,2.49,mineral
URI0917NP,RI009-2009-017-NP,Massapog,RI0917NP8,8,112,125,Ab1,fs,90.3,8.9,0.8,1.25,0.95,mineral
URI0917NP,RI009-2009-017-NP,Massapog,RI0917NP9,9,125,136,Ab2,fs,86.9,11.4,1.7,1.3,1.07,mineral
URI0917NP,RI009-2009-017-NP,Massapog,RI0917NP10,10,136,146,Ab3,lfs,73.5,23.7,2.8,1.41,0.83,mineral
URI0917NP,RI009-2009-017-NP,Massapog,RI0917NP11,11,146,157,C/A'',fs,92.3,4.7,3,1.22,1.4,mineral
URI0917NP,RI009-2009-017-NP,Massapog,RI0917NP12,12,157,162,C''g,lfs,83,12.2,4.8,1.4,0.26,mineral
URI0917NP,RI009-2009-017-NP,Massapog,RI0917NP13,13,162,193,A'b,vfsl,52.9,40.4,6.7,1.14,1.15,mineral
URI0917NP,RI009-2009-017-NP,Massapog,RI0917NP14,14,193,208,CA,vfs,93.7,2.7,3.6,1.83,0.42,mineral
URI0918NP,RI009-2009-018-NP,Massapog,RI0918NP1,1,0,8,A,lfs,81.7,16,2.3,1.35,0.57,mineral
URI0918NP,RI009-2009-018-NP,Massapog,RI0918NP2,2,8,50,Cg,fs,90.8,6,3.2,1.28,0.22,mineral
URI0918NP,RI009-2009-018-NP,Massapog,RI0918NP3,3,50,82,C/Ase,fs,90.1,6,3.9,1.38,0.68,mineral
URI0918NP,RI009-2009-018-NP,Massapog,RI0918NP4,4,82,91,Cse,fs,95.8,0.6,3.6,1.43,0.37,mineral
URI0918NP,RI009-2009-018-NP,Massapog,RI0918NP5,5,91,97,A/Cse,fs,91.4,4.6,4,1.3,0.95,mineral
URI0918NP,RI009-2009-018-NP,Massapog,RI0918NP6,6,97,103,C'g,lfs,86.9,8.5,4.6,1.18,0.48,mineral
URI0918NP,RI009-2009-018-NP,Massapog,RI0918NP7,7,103,113,CAse,lfs,84.1,10.8,5.1,1.35,0.56,mineral
URI0918NP,RI009-2009-018-NP,Massapog,RI0918NP8,8,113,146,Aseb,lfs,79,13.5,7.5,1.06,1.16,mineral
URI0918NP,RI009-2009-018-NP,Massapog,RI0918NP9,9,146,185,C''g,fs,94.8,1.5,3.7,1.42,0.25,mineral
URI0918NP,RI009-2009-018-NP,Massapog,RI0918NP10,10,185,195,AC1,lfs,,,,1.4,0.8,mineral
URI0918NP,RI009-2009-018-NP,Massapog,RI0918NP11,11,195,208,AC2,lfs,,,,1.2,1.12,mineral
URI0919NP,RI009-2009-019-NP,Massapog,RI0919NP1,1,0,34,Cg,fs,94.5,4.9,0.6,1.34,0.27,mineral
URI0919NP,RI009-2009-019-NP,Massapog,RI0919NP2,2,34,38,Ab,fsl,,,,1.28,0.94,mineral
URI0919NP,RI009-2009-019-NP,Massapog,RI0919NP3,3,38,46,C'g,fs,,,,1.23,0.42,mineral
URI0919NP,RI009-2009-019-NP,Massapog,RI0919NP4,4,46,50,Aseb,fsl,,,,1.23,1.45,mineral
URI0919NP,RI009-2009-019-NP,Massapog,RI0919NP5,5,50,56,Cse,fs,,,,1.2,0.26,mineral
URI0919NP,RI009-2009-019-NP,Massapog,RI0919NP6,6,56,60,A'seb,fsl,,,,1.26,1.27,mineral
URI0919NP,RI009-2009-019-NP,Massapog,RI0919NP7,7,60,80,C'se,fs,,,,1.41,0.45,mineral
URI0919NP,RI009-2009-019-NP,Massapog,RI0919NP8,8,80,92,C/Ase,lfs,,,,1.37,0.23,mineral
URI0919NP,RI009-2009-019-NP,Massapog,RI0919NP9,9,92,104,C''g,s,,,,1.35,0.21,mineral
URI0919NP,RI009-2009-019-NP,Massapog,RI0919NP10,10,104,119,C''se1,s,,,,1.31,0.11,mineral
URI0919NP,RI009-2009-019-NP,Massapog,RI0919NP11,11,119,131,C''se2,fs,,,,1.41,0.11,mineral
URI0919NP,RI009-2009-019-NP,Massapog,RI0919NP12,12,131,139,CA'',fs,,,,1.06,0.37,mineral
URI0919NP,RI009-2009-019-NP,Massapog,RI0919NP13,13,139,146,C'''se,fs,,,,1.33,0.42,mineral
URI0919NP,RI009-2009-019-NP,Massapog,RI0919NP14,14,146,180,ACse,lfs,,,,1.28,0.56,mineral
URI130901,S2013RI009001,Massapog,RI1309011,1,0,14,Cg1,lfs,84.6,14.8,0.6,1.25,0.23,mineral
URI130901,S2013RI009001,Massapog,RI1309012,2,14,35,Cg2,fs,94.3,4.9,0.8,1.29,0.3,mineral
URI130901,S2013RI009001,Massapog,RI1309013,3,35,57,Cg3,s,95,4.4,0.6,1.06,0.17,mineral
URI130901,S2013RI009001,Massapog,RI1309014,4,57,75,Aseb,lfs,76.3,23.1,0.6,1.3,0.89,mineral
URI130901,S2013RI009001,Massapog,RI1309015,5,75,107,Cse,fs,94.1,5.6,0.3,1.43,0.33,mineral
URI130901,S2013RI009001,Massapog,RI1309016,6,107,137,C'g,fs,96.9,2.8,0.3,1.42,0.29,mineral
URI130901,S2013RI009001,Massapog,RI1309017,7,137,149,C'se,fs,94.3,5.3,0.4,1.31,0.38,mineral
URI130901,S2013RI009001,Massapog,RI1309018,8,149,158,C''g,fs,96.8,2.9,0.3,1.34,0.32,mineral
URI130901,S2013RI009001,Massapog,RI1309019,9,158,,C''se,vfs,95,4.3,0.7,1.15,0.71,mineral
URI130902,S2013RI009002,Massapog,RI1309021,1,0,7,Ase,lfs,76.7,20.7,2.6,1.06,1.02,mineral
URI130902,S2013RI009002,Massapog,RI1309022,2,7,22,Cse1,lfs,85.3,13.5,1.2,1.31,0.75,mineral
URI130902,S2013RI009002,Massapog,RI1309023,3,22,35,Cse2,fs,92.9,6.2,0.9,1.13,0.48,mineral
URI130902,S2013RI009002,Massapog,RI1309024,4,35,54,Cse3,vfs,93.4,5.9,0.7,1.15,0.38,mineral
URI130902,S2013RI009002,Massapog,RI1309025,5,54,66,Aseb,vfs,90.1,8.4,1.5,1.02,0.86,mineral
URI130902,S2013RI009002,Massapog,RI1309026,6,66,79,C'se,vfs,93.2,5.8,1,1.15,0.57,mineral
URI130902,S2013RI009002,Massapog,RI1309027,7,79,101,Cg1,lfs,84.2,14.7,1.1,1.17,0.53,mineral
URI130902,S2013RI009002,Massapog,RI1309028,8,101,129,Cg2,fs,95.3,4.1,0.6,1.18,0.34,mineral
URI130902,S2013RI009002,Massapog,RI1309029,9,129,144,C''se1,vfs,94,5.1,0.9,1.17,0.34,mineral
URI130902,S2013RI009002,Massapog,RI13090210,10,144,152,C''se2,lvfs,78.6,17.5,3.9,0.96,0.74,mineral
URI130902,S2013RI009002,Massapog,RI13090211,11,152,165,C''se3,lvfs,78.6,20.1,1.3,1.07,0.35,mineral
URI130902,S2013RI009002,Massapog,RI13090212,12,165,,C''se4,sil,27.6,62.3,10.1,0.99,2.11,mineral
URI130903,S2013RI009003,Massapog,RI1309031,1,0,21,A,fs,91.2,7.1,1.7,1.26,0.62,mineral
URI130903,S2013RI009003,Massapog,RI1309032,2,21,45,Cse1,fs,97.3,2,0.7,0.85,0.24,mineral
URI130903,S2013RI009003,Massapog,RI1309033,3,45,71,Cse2,fs,95.8,3.6,0.6,1.11,0.31,mineral
URI130903,S2013RI009003,Massapog,RI1309034,4,71,84,Cse3,fs,94.1,5.4,0.5,1.21,0.45,mineral
URI130903,S2013RI009003,Massapog,RI1309035,5,84,104,Cg,lvfs,85.2,14.1,0.7,1.28,1.22,mineral
URI130903,S2013RI009003,Massapog,RI1309036,6,104,124,Ab1,fs,96.9,2.7,0.4,1.4,0.7,mineral
URI130903,S2013RI009003,Massapog,RI1309037,7,124,133,Ab2,fs,98.2,1.4,0.4,1.45,0.62,mineral
URI130903,S2013RI009003,Massapog,RI1309038,8,133,173,C'g1,fs,95.4,4.1,0.5,1.41,0.36,mineral
URI130903,S2013RI009003,Massapog,RI1309039,9,173,178,C'g2,fs,86.2,12.8,1,1.14,1.2,mineral
URI130903,S2013RI009003,Massapog,RI13090310,10,178,,C'g3,fs,94.9,4.4,0.7,1.52,0.39,mineral
URI130904,S2013RI009004,Massapog,RI1309041,1,0,6,A,fs,87.8,10.3,1.9,1.16,1.19,mineral
URI130904,S2013RI009004,Massapog,RI1309042,2,6,27,Cg1,fs,89,9.7,1.3,1.42,0.62,mineral
URI130904,S2013RI009004,Massapog,RI1309043,3,27,49,Cg2,fs,94.3,5.3,0.4,1.37,0.46,mineral
URI130904,S2013RI009004,Massapog,RI1309044,4,49,58,Cg3,fs,90.7,8.3,1,1.27,0.57,mineral
URI130904,S2013RI009004,Massapog,RI1309045,5,58,65,Cg4,lfs,83.5,14.6,1.9,1.23,1.01,mineral
URI130904,S2013RI009004,Massapog,RI1309046,6,65,74,Aseb,vfsl,63.1,34.2,2.7,0.69,3.13,mineral
URI130904,S2013RI009004,Massapog,RI1309047,7,74,114,Cse,vfsl,55.5,41.6,2.9,0.87,2.26,mineral
URI130904,S2013RI009004,Massapog,RI1309048,8,114,146,C'g1,vfsl,50.9,46.1,3,0.74,1.52,mineral
URI130904,S2013RI009004,Massapog,RI1309049,9,146,165,C'g2,vfs,87.3,12.1,0.6,1.09,0.41,mineral
URI130904,S2013RI009004,Massapog,RI13090410,10,165,172,C'se1,vfsl,70.7,27.8,1.5,0.86,1.09,mineral
URI130904,S2013RI009004,Massapog,RI13090411,11,172,180,C'se2,lvfs,85.1,14.3,0.6,1.19,0.61,mineral
URI130904,S2013RI009004,Massapog,RI13090412,12,180,,C'se3,vfsl,68,29.8,2.2,0.98,0.94,mineral
URI130905,S2013RI009005,Pishagqua,RI1309051,1,0,12,Ase,fsl,61.6,20.9,17.5,0.5,3.35,mineral
URI130905,S2013RI009005,Pishagqua,RI1309052,2,12,30,Cse1,l,38,43.8,18.2,1.1,1.58,mineral
URI130905,S2013RI009005,Pishagqua,RI1309053,3,30,60,Cse2,sil,30.6,50.5,18.9,1.13,2.2,mineral
URI130905,S2013RI009005,Pishagqua,RI1309054,4,60,85,Cse3,fsl,55.8,29.7,14.5,1.15,2.7,mineral
URI130905,S2013RI009005,Pishagqua,RI1309055,5,85,105,Cse4,l,34.7,49.3,16,0.59,2.6,mineral
URI130906,S2013RI009006,Pishagqua,RI1309061,6,0,20,Ase,sil,10.5,65.1,24.4,0.22,3.82,mineral
URI130906,S2013RI009006,Pishagqua,RI1309062,7,20,40,Cse1,sil,14.1,62.8,23.1,0.3,3.67,mineral
URI130906,S2013RI009006,Pishagqua,RI1309063,8,40,70,Cse2,sil,9.2,69.8,21,0.3,3.92,mineral
URI130906,S2013RI009006,Pishagqua,RI1309064,9,70,90,Cse3,sil,6.4,71.8,21.8,0.52,3.94,mineral
URI130906,S2013RI009006,Pishagqua,RI1309065,10,90,108,Cse4,sil,7.3,71.7,21,0.57,3.97,mineral
na,LN03MC,Coarse-silty Fluvic Sulfiwassents,na,1,0,26,AC,sil,20,64,16,0.24,7.08,mucky_min
na,LN03MC,Coarse-silty Fluvic Sulfiwassents,na,2,26,38,C1,sil,25,62,13,0.28,7.41,mucky_min
na,LN03MC,Coarse-silty Fluvic Sulfiwassents,na,3,38,50,C2,sil,24,61,15,0.32,7.34,mucky_min
na,LN04MC,Coarse-silty Fluvic Sulfiwassents,na,1,0,5,A,sil,17,72,11,0.15,8.8,mucky_min
na,LN04MC,Coarse-silty Fluvic Sulfiwassents,na,2,5,21,AC,sil,15,68,17,0.26,8.23,mucky_min
na,LN04MC,Coarse-silty Fluvic Sulfiwassents,na,3,21,112,C,sil,19,64,17,0.26,8.15,mucky_min
na,LN05MC,Coarse-loamy Haplic Sulfiwassents,na,1,0,9,A,sil,16,75,9,0.18,8.36,mucky_min
na,LN05MC,Coarse-loamy Haplic Sulfiwassents,na,2,9,14,AC,sil,23,75,2,0.28,6.88,mucky_min
na,LN05MC,Coarse-loamy Haplic Sulfiwassents,na,3,14,27,C1,sil,35,56,9,0.52,26.68,organic
na,LN05MC,Coarse-loamy Haplic Sulfiwassents,na,4,27,34,C2,vfsl,58,39,3,0.98,2.27,mineral
na,LN05MC,Coarse-loamy Haplic Sulfiwassents,na,5,34,61,C3,sl,63,30,7,0.8,2.85,mineral
na,LN06MC,Coarse-loamy Haplic Sulfiwassents,na,1,0,9,A,si,6,84,10,0.25,7.83,mucky_min
na,LN06MC,Coarse-loamy Haplic Sulfiwassents,na,2,9,17,AC,sil,9,79,12,0.64,2.21,mineral
na,LN06MC,Coarse-loamy Haplic Sulfiwassents,na,3,17,28,C1,sil,42,54,4,0.81,2.65,mineral
na,LN06MC,Coarse-loamy Haplic Sulfiwassents,na,4,28,36,C2,fsl,54,40,6,0.87,2.4,mineral
na,LN06MC,Coarse-loamy Haplic Sulfiwassents,na,5,36,46,C3,vfsl,56,39,5,0.8,2.54,mineral
na,LN11MC,Coarse-loamy Thapto-histic Sulfiwassents,na,1,0,6,A,l,47,39,14,0.22,6.12,mineral
na,LN11MC,Coarse-loamy Thapto-histic Sulfiwassents,na,2,6,22,AC,sl,56,33,11,0.49,4.51,mineral
na,LN11MC,Coarse-loamy Thapto-histic Sulfiwassents,na,3,22,45,C,l,51,38,11,0.36,5.91,mineral
na,LN11MC,Coarse-loamy Thapto-histic Sulfiwassents,na,4,45,80,Oeb,mpt,,,,0.17,19.7,organic
na,LN12MC,Coarse-loamy Fluvic Sulfiwassents,na,1,0,6,A,l,50,39,11,0.27,5.9,mineral
na,LN12MC,Coarse-loamy Fluvic Sulfiwassents,na,2,6,20,AC,sil,20,62,18,0.36,5.56,mineral
na,LN12MC,Coarse-loamy Fluvic Sulfiwassents,na,3,20,48,C1,sil,11,69,20,0.42,6.93,mineral
na,LN12MC,Coarse-loamy Fluvic Sulfiwassents,na,4,48,77,C2,l,43,48,9,0.46,5.85,mineral
na,RI009-2006-003-WH,Sulfic Psammowassents,na,1,0,18,C/Ase,s,97,2.7,0.3,1.8,0.32,mineral
na,RI009-2006-003-WH,Sulfic Psammowassents,na,2,18,58,Cseg,s,94.5,4.5,1,1.72,0.38,mineral
na,RI009-2006-003-WH,Sulfic Psammowassents,na,3,58,96,Cse1,s,92.9,5.5,1.6,1.44,0.39,mineral
na,RI009-2006-003-WH,Sulfic Psammowassents,na,4,96,133,Cse2,fs,93.2,5.8,1,1.49,0.36,mineral
na,RI009-2006-003-WH,Sulfic Psammowassents,na,5,133,144,Cse3,lfs,86.2,11.5,2.3,1.29,0.43,mineral
na,RI009-2006-003-WH,Sulfic Psammowassents,na,6,144,186,Cse4,fsl,75.5,19.3,5.2,1.15,0.89,mineral
na,RI009-2006-004-WH,Coarse-loamy Haplic Sulfiwassents,na,2,2,25,^A/C,s,89.2,9.5,1.3,1.3,0.48,mineral
na,RI009-2006-004-WH,Coarse-loamy Haplic Sulfiwassents,na,3,25,44,^C1,s,90.3,8,1.7,1.62,0.39,mineral
na,RI009-2006-004-WH,Coarse-loamy Haplic Sulfiwassents,na,4,44,62,^C2,ls,79.1,17.4,3.5,1.46,0.65,mineral
na,RI009-2006-004-WH,Coarse-loamy Haplic Sulfiwassents,na,5,62,88,C3,fsl,73.8,20.4,5.8,1.29,0.84,mineral
na,RI009-2006-004-WH,Coarse-loamy Haplic Sulfiwassents,na,6,88,123,C4,sil,35.4,50.8,13.8,1.2,1.77,mineral
na,RI009-2006-004-WH,Coarse-loamy Haplic Sulfiwassents,na,7,123,132,Oab,muck,,,,0.22,32.86,organic
na,RI009-2006-004-WH,Coarse-loamy Haplic Sulfiwassents,na,8,132,140,AC,cos,91.1,8.8,0.1,1.87,9.78,mucky_min
na,RI009-2006-005-WH,Coarse-loamy Fluvic Sulfiwassents,na,1,0,13,A,sil,17,64.4,18.6,0.42,4.88,mineral
na,RI009-2006-005-WH,Coarse-loamy Fluvic Sulfiwassents,na,2,13,22,AC,l,31.9,49.1,19,0.5,3.14,mineral
na,RI009-2006-005-WH,Coarse-loamy Fluvic Sulfiwassents,na,3,22,46,C1,l,40,43.5,16.5,0.51,2.33,mineral
na,RI009-2006-005-WH,Coarse-loamy Fluvic Sulfiwassents,na,4,46,109,C2,l,37.5,43.4,19.1,0.86,1.68,mineral
na,RI009-2006-005-WH,Coarse-loamy Fluvic Sulfiwassents,na,5,109,113,C3,fsl,65.2,29.1,5.7,1.15,3.91,mineral
na,RI009-2006-005-WH,Coarse-loamy Fluvic Sulfiwassents,na,6,113,119,2C4,s,98,2,0,1.37,0.58,mineral
na,S06-380-WICK,Coarse-loamy Fluvic Sulfiwassents,na,1,0,6,A,sil,19,71,10,0.28,3.16,mineral
na,S06-380-WICK,Coarse-loamy Fluvic Sulfiwassents,na,2,6,19,AC,sil,24,63,13,0.48,2.57,mineral
na,S06-380-WICK,Coarse-loamy Fluvic Sulfiwassents,na,3,19,47,C,l,41,45,14,0.53,2.65,mineral
na,S06RI009-002-LN,Pishagqua,na,1,0,16,A1,sil,11,65.7,23.3,0.17,7.65,mineral
na,S06RI009-002-LN,Pishagqua,na,2,16,26,A2,sicl,7.5,63.2,29.3,0.32,6.45,mineral
na,S06RI009-002-LN,Pishagqua,na,3,26,77,C1,sil,11,72.3,16.7,0.28,6.84,mineral
na,S06RI009-002-LN,Pishagqua,na,4,77,87,C2,sil,4,77,19,0.34,7.27,mineral
na,S06RI009-002-LN,Pishagqua,na,5,87,121,C3,sil,4.2,70.7,25.1,0.28,7.56,mineral
na,S06RI009-002-LN,Pishagqua,na,6,121,170,C4,sicl,7,65.9,27.1,0.2,8.11,mineral
na,S06RI009-002-LN,Pishagqua,na,7,170,179,C5,sil,15,71.1,13.9,0.23,16.5,organic
na,S06RI009-002-LN,Pishagqua,na,8,179,210,Oab,muck,,,,0.1,73.14,organic
