smp id,Dupl,area code,taxonomic order,horz desgn master,lay depth to top,lay depth to bottom,MGMT_lable,Measured Active Carbon,pH,Clay,Sand,Silt,Est Org C,Total Carbon
64511,U,PR,ultisols,A,0,5,,1182,4.7,47.0,23.9,29.1,,2.8
64512,U,PR,ultisols,AB,5,12,,887,4.7,48.2,22.6,29.2,,3.1
64521,U,PR,ultisols,A,0,10,,1295,5.8,42.4,21.7,35.9,,2.5
64522,U,PR,ultisols,A,10,40,,402,5.5,44.6,21.4,34.0,,1.5
64544,U,PR,inceptisols,A,0,10,,1207,6.6,58.7,5.5,35.8,,3.9
64545,U,PR,inceptisols,A,10,28,,602,7.2,56.7,8.3,35.0,,1.5
64550,U,PR,inceptisols,A,114,150,,459,8.0,72.0,4.5,23.5,,1.5
64554,U,PR,mollisols,A,0,15,,1388,6.1,84.1,2.1,13.8,,7.8
64553,U,PR,mollisols,O,2,0,,13544,6.0,,,,,27.1
64553,U,PR,mollisols,O,2,0,,13544,5.9,,,,,27.1
86905,U,UT,Aridisols,A,0,7,R,254,8.2,8.8,61.8,29.4,0.4012,1.4
86913,U,UT,Aridisols,A,0,9,R,289,8.0,5.2,76.4,18.4,0.4916,0.6
87230,U,UT,Aridisols,A,0,2,R,472,8.0,8.7,61.7,29.6,0.9724,2.0
87231,U,UT,Aridisols,A,2,7,R,181,8.3,9.2,61.8,29.0,0.3428,1.3
87233,U,UT,Aridisols,A,0,2,R,253,7.9,4.1,79.8,16.1,0.662,0.8
87234,U,UT,Aridisols,A,2,9,R,181,8.2,6.8,76.6,16.6,0.2856,0.5
87236,U,UT,Aridisols,A,0,2,R,217,7.8,3.7,80.4,15.9,0.5388,0.6
87237,U,UT,Aridisols,A,2,9,R,145,8.3,8.2,75.2,16.6,0.218,0.4
87239,U,UT,Aridisols,A,0,2,R,435,7.8,6.6,69.9,23.5,0.9492,1.8
87240,U,UT,Aridisols,A,2,7,R,145,8.3,9.0,64.2,26.8,0.544,1.5
87242,U,UT,Aridisols,A,0,2,R,435,8.0,9.7,55.3,35.0,0.764,1.8
87243,U,UT,Aridisols,A,2,8,R,182,8.5,12.9,57.1,30.0,0.3496,1.4
87245,U,UT,Aridisols,A,0,2,R,217,8.3,9.0,62.7,28.3,0.4456,1.4
87246,U,UT,Aridisols,A,2,6,R,145,8.5,11.2,60.0,28.8,0.3056,1.2
87248,U,UT,Aridisols,A,0,2,R,180,8.1,4.5,84.9,10.6,0.3012,0.6
87249,U,UT,Aridisols,A,2,8,R,108,8.5,5.5,86.3,8.2,0.1452,0.5
87251,U,UT,Aridisols,A,0,2,R,651,7.8,2.1,88.9,9.0,2.388,2.6
87252,U,UT,Aridisols,A,2,9,R,180,8.5,4.8,86.4,8.8,0.2012,0.5
87254,U,UT,Aridisols,A,0,2,R,397,7.9,2.9,85.9,11.2,0.4944,0.8
87255,U,UT,Aridisols,A,2,8,R,216,8.4,3.7,86.7,9.6,0.2132,0.5
87257,U,UT,Aridisols,A,0,2,R,578,7.8,3.1,85.6,11.3,0.8628,1.1
87258,U,UT,Aridisols,A,2,6,R,253,8.3,3.1,87.0,9.9,0.4144,0.7
87260,U,UT,Aridisols,A,0,2,R,542,7.7,3.1,85.2,11.7,0.7008,0.9
87261,U,UT,Aridisols,A,2,5,R,397,8.1,3.6,86.1,10.3,0.328,0.6
87264,U,UT,Aridisols,A,0,2,R,325,8.0,3.5,87.2,9.3,0.714,0.9
87263,U,UT,Aridisols,A,2,5,R,144,8.4,3.9,85.8,10.3,0.1628,0.5
88186,U,UT,Aridisols,A,0,2,R,687,7.7,4.9,80.7,14.4,1.5028,1.7
88187,U,UT,Aridisols,A,2,5,R,253,8.5,4.5,82.8,12.7,0.2996,0.9
88189,U,UT,Aridisols,A,0,2,R,542,7.9,4.3,87.9,7.8,0.774,1.3
88190,U,UT,Aridisols,A,2,7,R,325,8.4,4.0,88.1,7.9,0.3232,0.9
88193,U,UT,Aridisols,A,0,2,R,397,8.5,4.8,83.8,11.4,0.2784,0.8
88192,U,UT,Aridisols,A,2,8,R,289,8.0,5.9,79.7,14.4,0.5148,0.9
88195,U,UT,Aridisols,A,0,2,R,506,8.0,5.4,83.4,11.2,0.654,1.1
88196,U,UT,Aridisols,A,2,6,R,253,8.4,6.4,76.1,17.5,0.424,1.0
88198,U,UT,Aridisols,A,0,2,R,289,8.0,6.0,83.2,10.8,0.508,0.8
88199,U,UT,Aridisols,A,2,9,R,181,8.5,10.5,79.9,9.6,0.2172,0.6
88201,U,UT,Aridisols,A,0,2,R,397,8.2,6.2,84.7,9.1,0.4628,0.7
88202,U,UT,Aridisols,A,2,8,R,253,8.5,8.5,81.1,10.4,0.3016,0.6
88204,U,UT,Aridisols,A,0,2,R,361,8.2,4.9,87.4,7.7,1.0352,1.3
88205,U,UT,Aridisols,A,2,8,R,289,8.5,6.1,85.7,8.2,0.3392,0.6
88207,U,UT,Aridisols,A,0,2,R,434,8.3,7.3,83.0,9.7,0.6896,1.0
88208,U,UT,Aridisols,A,2,9,R,217,8.5,9.9,80.6,9.5,0.2156,0.6
88210,U,UT,Aridisols,A,0,2,R,325,8.2,6.2,84.3,9.5,0.3968,0.7
88211,U,UT,Aridisols,A,2,5,R,217,8.4,6.8,82.9,10.3,0.2336,0.5
88213,U,UT,Aridisols,A,0,2,R,614,7.7,3.7,86.5,9.8,0.6324,0.9
88214,U,UT,Aridisols,A,2,6,R,289,8.3,7.0,83.0,10.0,0.4048,0.8
88216,U,UT,Aridisols,A,0,2,R,433,8.2,4.2,85.0,10.8,0.6176,0.9
88217,U,UT,Aridisols,A,2,7,R,253,8.6,6.9,83.8,9.3,0.2348,0.6
88219,U,UT,Aridisols,A,0,2,R,397,8.1,6.8,82.7,10.5,0.5184,0.8
88222,U,UT,Aridisols,A,0,2,R,398,8.2,9.2,78.5,12.3,0.4296,0.8
88223,U,UT,Aridisols,A,2,7,R,217,8.6,10.5,77.8,11.7,0.2636,0.7
88225,U,UT,Aridisols,A,0,2,R,469,8.2,4.1,84.7,11.2,0.618,0.9
88226,U,UT,Aridisols,A,2,7,R,253,8.6,5.9,82.9,11.2,0.2596,0.6
88228,U,UT,Aridisols,A,0,2,R,578,8.0,3.5,84.3,12.2,0.4928,0.8
88229,U,UT,Aridisols,A,2,5,R,289,8.4,3.2,86.9,9.9,0.1948,0.6
88231,U,UT,Aridisols,A,0,2,R,433,8.1,3.4,85.6,11.0,0.4696,0.8
88232,U,UT,Aridisols,A,2,7,R,217,8.5,4.7,83.8,11.5,0.3032,0.6
88602,U,PA,,A,0,5,,3042,7.1,19.9,14.4,65.7,3.64,3.6
88611,U,PA,,A,0,5,,3042,7.1,19.9,14.4,65.7,3.64,3.6
88603,U,PA,,A,5,10,,2037,7.2,19.7,14.1,66.2,2.29,2.3
88612,U,PA,,A,5,10,,2037,7.2,19.7,14.1,66.2,2.29,2.3
88605,U,PA,,A,0,5,,3226,7.2,28.7,15.1,56.2,3.75,3.7
88614,U,PA,,A,0,5,,3226,7.2,28.7,15.1,56.2,3.75,3.7
88606,U,PA,,A,5,10,,1382,7.3,29.9,13.7,56.4,1.52,1.5
88615,U,PA,,A,5,10,,1382,7.3,29.9,13.7,56.4,1.52,1.5
88608,U,PA,,A,0,5,,675,7.1,20.1,16.6,63.3,4.05,4.1
88617,U,PA,,A,0,5,,675,7.1,20.1,16.6,63.3,4.05,4.1
88609,U,PA,,A,5,10,,1376,7.2,20.3,17.4,62.3,2.55,2.5
88618,U,PA,,A,5,10,,1376,7.2,20.3,17.4,62.3,2.55,2.5
89122,U,UT,Aridisols,A,0,2,R,469,8.4,3.7,79.6,16.7,0.668,1.1
89123,U,UT,Aridisols,A,2,8,R,253,8.6,3.7,82.1,14.2,0.3464,0.8
89125,U,UT,Aridisols,A,0,2,R,325,8.1,6.8,77.6,15.6,0.4024,0.8
89126,U,UT,Aridisols,A,2,4,R,217,8.4,7.0,78.4,14.6,0.284,0.7
89128,U,UT,Aridisols,A,0,2,R,361,8.1,5.9,78.3,15.8,0.436,0.8
89129,U,UT,Aridisols,A,2,8,R,181,8.4,7.5,78.9,13.6,0.232,0.6
89132,U,UT,Aridisols,A,2,7,R,145,8.5,6.9,80.0,13.1,0.2036,0.6
89134,U,UT,Aridisols,A,0,2,R,253,8.2,6.2,77.2,16.6,0.4032,0.8
89135,U,UT,Aridisols,A,2,8,R,181,8.4,7.1,77.4,15.5,0.2072,0.7
89137,U,UT,Aridisols,A,0,2,R,542,8.3,4.1,79.7,16.2,0.8968,1.3
89138,U,UT,Aridisols,A,2,7,R,253,8.4,6.1,78.0,15.9,0.2864,0.7
89140,U,UT,Aridisols,A,0,2,R,361,8.1,3.5,85.6,10.9,0.344,0.9
89141,U,UT,Aridisols,A,2,11,R,180,8.6,4.0,88.1,7.9,0.1696,0.8
89143,U,UT,Aridisols,A,0,2,R,505,8.0,3.9,86.6,9.5,0.6052,1.1
89144,U,UT,Aridisols,A,2,7,R,216,8.4,4.9,83.9,11.2,0.2676,0.9
89146,U,UT,Aridisols,A,0,2,R,325,8.1,6.6,69.7,23.7,0.3004,1.3
89147,U,UT,Aridisols,A,2,4,R,289,8.6,8.6,58.5,32.9,0.3116,1.9
89148,U,UT,Aridisols,A,4,11,R,363,8.4,15.6,22.2,62.2,0.416,2.6
89151,U,UT,Aridisols,A,0,2,R,469,8.0,4.2,87.1,8.7,0.8656,1.4
89152,U,UT,Aridisols,A,2,11,R,361,8.5,5.1,87.7,7.2,0.418,1.0
89154,U,UT,Aridisols,A,0,2,R,469,8.1,3.5,88.6,7.9,0.6384,1.0
89155,U,UT,Aridisols,A,2,10,R,433,8.4,4.8,85.1,10.1,0.4372,0.8
89158,U,UT,Aridisols,A,0,2,R,253,8.3,6.6,80.2,13.2,0.2888,0.7
89159,U,UT,Aridisols,A,2,6,R,181,8.6,8.9,78.0,13.1,0.1928,0.6
89161,U,UT,Aridisols,A,0,2,R,613,8.2,7.1,80.0,12.9,0.9688,1.4
89162,U,UT,Aridisols,A,2,10,R,433,8.3,5.1,82.4,12.5,0.552,0.9
89164,U,UT,Aridisols,A,0,2,R,469,8.0,2.0,88.9,9.1,0.6096,0.9
89165,U,UT,Aridisols,A,2,10,R,325,8.4,3.9,85.6,10.5,0.3556,0.8
89167,U,UT,Aridisols,A,0,2,R,469,8.3,8.3,79.9,11.8,0.3656,1.3
89168,U,UT,Aridisols,A,2,8,R,144,8.7,5.7,70.8,23.5,0.2008,1.2
89170,U,UT,Aridisols,A,0,2,R,361,8.2,6.4,71.4,22.2,0.3976,1.3
89171,U,UT,Aridisols,A,2,7,R,253,8.5,9.1,61.1,29.8,0.3188,1.6
89173,U,UT,Aridisols,A,0,2,R,397,8.2,4.7,79.3,16.0,0.454,1.3
89174,U,UT,Aridisols,A,2,7,R,217,8.6,4.4,78.4,17.2,0.2756,1.2
89176,U,UT,Aridisols,A,0,2,R,397,8.1,3.1,77.9,19.0,0.4716,1.1
89177,U,UT,Aridisols,A,2,8,R,253,8.4,3.5,75.0,21.5,0.2768,1.0
92263,U,MO,Alfisols,A,0,5,W,675,,,,,7.2,7.2
92269,U,MO,Alfisols,A,0,6,W,659,,,,,4.5,4.5
92274,U,MO,Alfisols,A,0,7,W,592,,,,,3.13,3.1
92280,U,MO,Alfisols,A,0,13,P,571,,,,,1.56,1.6
92284,U,MO,Alfisols,A,0,17,P,601,,,,,1.74,1.7
92289,U,MO,Alfisols,A,0,8,P,487,,,,,1.52,1.5
92290,U,MO,Alfisols,A,8,24,P,293,,,,,0.87,0.9
92294,U,MO,Alfisols,A,0,8,P,659,,,,,3.01,3.0
92299,U,MO,Alfisols,A,0,8,P,688,,,,,2.64,2.6
92304,U,MO,Alfisols,A,0,10,P,597,,,,,2.23,2.2
92309,U,MO,Alfisols,A,0,9,W,529,,,,,2.18,2.2
92315,U,MO,Alfisols,A,0,6,W,412,,,,,1.71,1.7
92320,U,MO,Alfisols,A,0,7,W,379,,,,,1.49,1.5
92326,U,MO,Alfisols,A,0,8,W,576,,,,,2.46,2.5
92331,U,MO,Alfisols,A,0,9,W,629,,,,,2.99,3.0
92337,U,MO,Alfisols,A,0,10,W,443,,,,,2.32,2.3
93007,U,MO,Alfisols,A,0,10,P,1564,,,,,1.96,2.0
93016,U,MO,Alfisols,A,0,9,P,2152,,,,,2.37,2.4
93017,U,MO,Alfisols,AB,9,19,P,547,,,,,0.94,0.9
93026,U,MO,Alfisols,A,0,20,P,1168,,,,,1.42,1.4
93033,U,MO,Alfisols,A,0,8,W,1160,,,,,2.45,2.4
93043,U,MO,Alfisols,A,0,7,W,1352,,,,,2.84,2.8
93050,U,MO,Alfisols,A,0,6,W,2332,,,,,4.17,4.2
93059,U,MO,Alfisols,A,0,14,P,1142,,,,,1.73,1.7
93066,U,MO,Alfisols,A,0,13,P,2338,,,,,2.61,2.6
93073,U,MO,Alfisols,A,0,17,P,1036,,,,,1.5,1.5
93080,U,MO,Alfisols,A,0,9,W,665,,,,,1.21,1.2
93089,U,MO,Alfisols,A,0,8,W,924,,,,,1.56,1.6
93098,U,MO,Alfisols,A,0,8,W,1034,,,,,1.77,1.8
93107,U,MO,Alfisols,A,0,10,P,1795,,,,,2.21,2.2
93108,U,MO,Alfisols,A,10,18,P,546,,,,,0.82,0.8
93118,U,MO,Alfisols,A,0,12,P,1980,,,,,2.41,2.4
93119,U,MO,Alfisols,A,12,20,P,656,,,,,0.96,1.0
93128,U,MO,Alfisols,A,0,10,P,1293,,,,,1.84,1.8
93129,U,MO,Alfisols,A,10,17,P,657,,,,,0.87,0.9
116517,U,PR,vertisols,A,0,15,,533,8.2,48.1,18.8,33.1,1.6128,2.0
116518,U,PR,vertisols,A,0,15,,567,8.3,42.4,25.6,32.0,1.5004,1.9
116519,U,PR,vertisols,A,0,15,,528,8.4,39.2,27.1,33.7,1.2864,2.0
116520,U,PR,vertisols,A,0,15,,567,8.4,43.7,22.6,33.7,1.5812,1.9
116521,U,PR,vertisols,A,0,15,,529,8.5,44.2,23.0,32.8,1.376,1.7
116522,U,PR,vertisols,A,0,15,,451,8.5,39.3,25.6,35.1,1.1312,1.7
116523,U,PR,vertisols,A,0,15,,563,7.9,34.3,43.8,21.9,1.5372,1.6
116524,U,PR,vertisols,A,0,15,,605,8.4,38.3,32.9,28.8,1.9732,3.0
116525,U,PR,vertisols,A,0,15,,607,8.4,44.7,25.0,30.3,1.7988,2.9
116526,U,PR,vertisols,A,0,15,,647,8.4,39.3,29.5,31.2,1.926,2.9
116527,U,PR,vertisols,A,0,15,,570,8.1,42.8,24.9,32.3,1.6744,2.6
116528,U,PR,vertisols,A,0,15,,489,8.2,35.9,32.5,31.6,1.422,2.6
116529,U,PR,vertisols,A,0,15,,492,8.4,36.5,36.8,26.7,1.5944,2.2
116530,U,PR,vertisols,A,0,15,,567,7.9,34.0,41.3,24.7,1.592,1.6
122004,U,SD,mollisols,A,0,7,,590,7.5,28.0,24.3,47.7,2.4428,2.5
122072,U,SD,mollisols,A,2,4,,512,6.8,18.0,66.4,15.6,2.02,2.0
122073,U,SD,mollisols,A,4,7,,917,6.0,17.9,33.1,49.0,6.58,6.6
122009,U,SD,mollisols,A,0,7,,503,6.5,16.1,36.2,47.7,2.58,2.6
122076,U,SD,mollisols,A,1,3,,436,7.2,18.7,66.9,14.4,1.33,1.3
122077,U,SD,mollisols,A,3,7,,361,7.2,19.2,65.5,15.3,1.21,1.2
122084,U,SD,mollisols,A,0,2,,510,7.2,20.3,65.1,14.6,1.85,1.9
122085,U,SD,mollisols,A,2,5,,401,7.6,20.0,65.8,14.2,1.3164,1.3
122086,U,SD,mollisols,A,5,10,,331,7.8,20.9,64.6,14.5,1.1588,1.2
122664,U,NM,aridisols,A,11,22,,109,8.5,9.6,84.8,5.6,0.1888,0.4
122675,U,,,A,9,18,,109,8.5,11.0,83.4,5.6,0.2056,0.2
122678,U,,,A,0,2,,145,7.9,6.6,87.6,5.8,0.298,0.3
122679,U,,,A,2,9,,91,7.9,8.5,84.6,6.9,0.1628,0.2
122680,U,,,A,9,19,,109,8.2,10.0,84.1,5.9,0.18,0.2
122684,U,,,A,11,18,,91,8.3,11.1,84.4,4.5,0.1776,0.2
122688,U,,,A,6,20,,109,8.4,10.3,84.2,5.5,0.1932,0.2
122691,U,,,A,0,3,,145,7.8,6.4,88.4,5.2,0.2864,0.3
122692,U,,,A,3,10,,36,7.9,6.0,88.0,6.0,0.1664,0.2
129357,U,OR,inceptisols,O,0,5,,6815,,,,,36.3,36.3
129358,U,OR,inceptisols,A,5,13,,525,5.9,30.7,20.4,48.9,5.27,5.3
129359,U,OR,inceptisols,A,13,19,,412,5.7,28.9,19.7,51.4,3.36,3.4
129366,U,OR,andisols,O,0,3,,4862,,,,,24.26,24.3
129367,U,OR,andisols,A,3,10,,494,5.3,58.5,10.8,30.7,5.02,5.0
129376,U,OR,ultisols,O,0,3,,4657,,,,,20.79,20.8
129377,U,OR,ultisols,A,3,10,,526,5.9,30.8,21.2,48.0,5.82,5.8
129386,U,OR,inceptisols,O,0,3,,6212,,,,,36.05,36.1
129387,D,OR,inceptisols,A,3,14,,2213,5.9,23.7,24.6,51.7,6.86,6.9
129388,U,OR,inceptisols,AB,14,27,,223,5.3,27.9,14.2,57.9,1.57,1.6
129395,U,OR,andisols,O,0,1,,5720,,,,,37.15,37.1
129396,D,OR,andisols,A,1,9,,1856,5.9,23.3,21.7,55.0,4.51,4.5
129403,U,OR,inceptisols,O,0,2,,2918,,,,,19.22,19.2
129404,D,OR,inceptisols,A,2,12,,2182,5.3,37.6,9.3,53.1,7.58,7.6
129405,U,OR,inceptisols,AB,12,20,,485,5.2,36.0,8.7,55.3,4.99,5.0
129413,U,OR,ultisols,O,0,3,,6097,,,,,29.51,29.5
129414,U,OR,ultisols,A,3,11,,411,6.3,20.7,33.5,45.8,2.57,2.6
129422,U,OR,ultisols,O,0,3,,5638,,,,,35.2,35.2
129423,D,OR,ultisols,A,3,9,,2205,5.8,18.9,20.9,60.2,7.13,7.1
129428,U,OR,ultisols,O,0,3,,5329,,,,,35.54,35.5
129429,D,OR,ultisols,A,3,11,,1469,5.5,37.4,18.1,44.5,8.25,8.3
129430,U,OR,ultisols,A,11,23,,488,5.5,41.8,18.3,39.9,5.36,5.4
129437,U,OR,inceptisols,O,0,2,,5309,,,,,36.32,36.3
129438,U,OR,inceptisols,A,2,8,,523,6.0,20.4,41.2,38.4,6.69,6.7
129439,U,OR,inceptisols,AB,8,19,,409,5.7,25.2,30.0,44.8,4.47,4.5
129444,U,OR,ultisols,O,0,2,,5657,,,,,38.18,38.2
129445,U,OR,ultisols,A,2,10,,558,6.2,27.4,15.2,57.4,6.41,6.4
129446,U,OR,ultisols,AB,10,19,,445,6.2,23.3,19.2,57.5,3.69,3.7
129864,U,SD,mollisols,A,0,5,,552,6.7,21.6,55.9,22.5,3.03,3.0
129876,U,SD,mollisols,A,0,15,,330,6.7,24.8,43.3,31.9,1.05,1.0
130146,U,TX,Alfisols,A,0,2,R,382,7.8,14.0,67.3,18.7,2.162,2.5
130147,U,TX,Alfisols,A,2,17,R,273,7.9,15.3,68.0,16.7,0.9796,0.9
133730,U,TX,Alfisols,O,0,3,R,3908,6.7,,,,19.72,19.7
130151,U,TX,Alfisols,A,3,5,R,437,7.2,15.7,65.9,18.4,2.022,2.0
130152,U,TX,Alfisols,A,5,13,R,291,7.7,14.1,68.3,17.6,1.1608,1.2
130156,U,TX,Alfisols,A,0,2,R,309,7.6,13.7,67.5,18.8,1.0756,1.1
130157,U,TX,Alfisols,A,2,25,R,182,8.1,13.4,71.9,14.7,0.6996,0.7
130159,U,TX,Alfisols,A,0,2,R,364,7.0,15.1,60.1,24.8,1.36,1.4
130160,U,TX,Alfisols,A,2,7,R,218,7.0,14.1,67.0,18.9,0.71,0.7
130163,U,TX,Alfisols,A,0,2,R,364,7.5,17.1,61.1,21.8,1.906,1.9
130164,U,TX,Alfisols,A,2,12,R,218,7.4,14.8,70.2,15.0,0.7,0.7
130167,U,TX,Alfisols,A,0,2,R,218,,11.9,77.7,10.4,0.64,0.6
130168,U,TX,Alfisols,A,2,13,R,199,7.4,9.5,85.0,5.5,0.36,0.4
130171,U,TX,Alfisols,A,0,2,R,419,7.7,15.7,65.2,19.1,1.3172,1.3
130172,U,TX,Alfisols,A,2,11,R,181,7.7,7.7,85.7,6.6,0.4344,0.4
130173,U,TX,Alfisols,A,11,25,R,109,7.6,8.0,57.0,35.0,0.27,0.3
130175,U,TX,Alfisols,A,0,2,R,438,7.3,18.1,61.8,20.1,1.95,1.9
130176,U,TX,Alfisols,A,2,16,R,181,7.4,8.4,83.0,8.6,0.39,0.4
130179,U,TX,Alfisols,A,0,2,R,511,,19.1,59.7,21.2,2.19,2.2
130180,U,TX,Alfisols,A,2,10,R,235,7.9,7.9,84.6,7.5,0.4124,0.4
130183,U,TX,Alfisols,A,0,2,R,455,7.5,16.9,65.1,18.0,1.45,1.5
130184,U,TX,Alfisols,A,2,10,R,181,7.6,8.3,81.4,10.3,0.4,0.4
130187,U,TX,Alfisols,A,0,2,R,401,7.2,14.9,56.0,29.1,1.55,1.6
130188,U,TX,Alfisols,A,2,13,R,273,7.4,16.0,57.5,26.5,1.06,1.1
130191,U,TX,Alfisols,A,0,2,R,512,7.4,20.9,49.6,29.5,2.57,2.6
130192,U,TX,Alfisols,A,2,10,R,309,7.4,17.1,57.2,25.7,1.18,1.2
130195,U,TX,Alfisols,A,0,2,R,511,6.5,20.8,50.3,28.9,2.34,2.3
130196,U,TX,Alfisols,A,2,11,R,328,6.7,21.5,49.8,28.7,1.47,1.5
130199,U,TX,Alfisols,A,0,2,R,418,6.5,16.0,57.2,26.8,1.79,1.8
130200,U,TX,Alfisols,A,2,11,R,236,7.0,16.7,58.3,25.0,0.92,0.9
130201,U,TX,Alfisols,A,11,31,R,182,7.0,19.5,59.7,20.8,0.74,0.7
130203,U,TX,Alfisols,A,0,2,R,510,6.7,17.9,58.8,23.3,2.01,2.0
130204,U,TX,Alfisols,A,2,14,R,236,7.0,15.4,61.6,23.0,0.92,0.9
130205,U,TX,Alfisols,A,14,22,R,182,7.1,16.4,62.9,20.7,0.69,0.7
130488,U,NE,,A,0,,,290,,,,,,
130489,U,WY,,A,0,,,121,,,,,,
130490,U,NE,Mollisols,A,0,5,T,587,6.8,21.6,9.7,68.7,2.18,2.2
130491,U,NE,Mollisols,A,5,14,T,404,6.6,21.6,8.5,69.9,1.34,1.3
130492,U,NE,Mollisols,A,14,21,T,294,6.1,22.9,8.0,69.1,1.1,1.1
130493,U,NE,Mollisols,A,21,40,T,294,5.8,27.1,3.1,69.8,1.41,1.4
130494,U,NE,Mollisols,A,0,5,T,550,6.3,21.3,6.2,72.5,1.96,2.0
130495,U,NE,Mollisols,A,5,15,T,330,5.4,21.6,4.8,73.6,1.22,1.2
130496,U,NE,Mollisols,A,15,22,T,257,5.6,22.8,4.0,73.2,1.16,1.2
130497,U,NE,Mollisols,A,22,40,T,276,6.1,26.1,3.3,70.6,1.52,1.5
130498,U,NE,Mollisols,A,0,5,T,458,6.5,20.9,6.4,72.7,1.62,1.6
130499,U,NE,Mollisols,A,5,22,T,293,5.9,21.2,7.0,71.8,1.08,1.1
130500,U,NE,Mollisols,A,22,40,T,312,6.4,26.5,2.8,70.7,1.5,1.5
130501,U,NE,Mollisols,A,0,5,T,440,6.9,20.7,8.2,71.1,2.1,2.1
130502,U,NE,Mollisols,A,5,11,T,403,6.7,20.7,7.6,71.7,1.58,1.6
130503,U,NE,Mollisols,A,11,27,T,330,6.3,21.2,8.2,70.6,1.13,1.1
130504,U,NE,Mollisols,A,27,40,T,294,6.2,26.2,3.0,70.8,1.65,1.6
130505,U,NE,Mollisols,A,0,5,T,513,6.4,19.8,5.5,74.7,1.95,1.9
130506,U,NE,Mollisols,A,5,10,T,367,6.0,21.3,4.8,73.9,1.34,1.3
130507,U,NE,Mollisols,A,10,23,T,257,6.0,23.0,4.2,72.8,1.08,1.1
130508,U,NE,Mollisols,A,23,40,T,257,6.3,25.5,2.8,71.7,1.55,1.5
130509,U,NE,Mollisols,A,0,5,NT,589,7.0,30.2,2.8,67.0,2.9,2.9
130510,U,NE,Mollisols,A,5,17,NT,387,7.2,32.0,2.2,65.8,1.57,1.6
130511,U,NE,Mollisols,A,17,30,NT,331,6.8,29.2,2.3,68.5,1.41,1.4
130512,U,NE,Mollisols,A,30,40,NT,343,7.0,29.7,2.5,67.8,1.23,1.2
130513,U,NE,Mollisols,A,0,5,NT,331,7.3,30.1,2.1,67.8,2.16,2.2
130514,U,NE,Mollisols,A,5,15,NT,295,5.5,31.0,1.7,67.3,1.45,1.4
130515,U,NE,Mollisols,A,15,22,NT,304,5.4,31.1,1.9,67.0,1.44,1.4
130516,U,NE,Mollisols,A,22,40,NT,331,6.1,30.3,1.3,68.4,1.96,2.0
130517,U,NE,Mollisols,A,0,5,NT,626,7.3,31.9,2.7,65.4,2.486,2.6
130518,U,NE,Mollisols,A,5,14,NT,405,7.4,32.2,2.4,65.4,1.5992,1.6
130519,U,NE,Mollisols,A,14,28,NT,295,7.4,32.3,2.5,65.2,1.344,1.4
130520,U,NE,Mollisols,A,28,40,NT,276,6.9,31.7,1.4,66.9,1.62,1.6
130521,U,NE,Mollisols,A,0,5,NT,571,7.4,32.8,2.6,64.6,2.102,2.1
130522,U,NE,Mollisols,A,5,11,NT,443,7.4,32.8,2.3,64.9,1.55,1.6
130523,U,NE,Mollisols,A,11,30,NT,295,7.0,33.1,2.5,64.4,1.25,1.2
130524,U,NE,Mollisols,A,30,40,NT,277,6.8,33.0,2.6,64.4,1.24,1.2
130525,U,NE,Mollisols,A,0,5,NT,589,7.4,29.6,2.1,68.3,2.264,2.4
130526,U,NE,Mollisols,A,5,13,NT,460,7.0,31.8,2.2,66.0,1.64,1.6
130527,U,NE,Mollisols,A,13,27,NT,313,6.5,32.0,2.3,65.7,1.38,1.4
130528,U,NE,Mollisols,A,27,40,NT,332,6.4,32.7,1.8,65.5,1.81,1.8
130529,U,NE,Mollisols,A,0,5,T,531,5.7,23.6,3.4,73.0,1.9,1.9
130530,U,NE,Mollisols,A,5,12,T,440,5.3,25.3,3.4,71.3,1.69,1.7
130531,U,NE,Mollisols,A,12,25,T,332,6.4,33.3,3.6,63.1,1.6,1.6
130532,U,NE,Mollisols,A,25,40,T,332,6.4,32.4,3.6,64.0,1.57,1.6
130533,U,NE,Mollisols,A,0,5,T,532,6.1,25.9,2.2,71.9,1.93,1.9
130534,U,NE,Mollisols,A,5,13,T,458,5.9,25.9,2.4,71.7,1.61,1.6
130535,U,NE,Mollisols,A,13,28,T,331,6.0,29.1,1.9,69.0,1.39,1.4
130536,U,NE,Mollisols,A,28,40,T,405,6.5,30.3,3.2,66.5,1.94,1.9
130537,U,NE,Mollisols,A,0,5,T,477,5.9,23.6,2.4,74.0,1.88,1.9
130538,U,NE,Mollisols,A,5,16,T,404,5.9,25.3,2.6,72.1,1.52,1.5
130539,U,NE,Mollisols,A,16,25,T,294,6.1,28.3,2.6,69.1,1.35,1.4
130540,U,NE,Mollisols,A,25,40,T,349,6.2,29.4,3.0,67.6,1.46,1.5
130541,U,NE,Mollisols,A,0,5,T,584,6.3,22.6,3.0,74.4,1.9,1.9
130542,U,NE,Mollisols,A,5,13,T,475,6.0,23.5,3.3,73.2,1.46,1.5
130543,U,NE,Mollisols,A,13,28,T,348,6.0,28.6,2.7,68.7,1.35,1.4
130544,U,NE,Mollisols,A,28,40,T,367,6.3,30.4,4.1,65.5,1.7,1.7
130545,U,NE,Mollisols,A,0,5,T,457,5.4,22.9,4.4,72.7,1.71,1.7
130546,U,NE,Mollisols,A,5,13,T,385,6.0,25.8,4.0,70.2,1.29,1.3
130547,U,NE,Mollisols,A,13,28,T,348,6.2,28.2,3.9,67.9,1.3,1.3
130548,U,NE,Mollisols,A,28,40,T,349,6.6,31.5,3.2,65.3,1.62,1.6
130718,U,NE,Mollisols,A,0,5,O,587,6.3,24.3,6.0,69.7,2.47,2.5
130719,U,NE,Mollisols,A,5,14,O,514,5.9,26.1,5.4,68.5,2.08,2.1
130720,U,NE,Mollisols,A,14,30,O,503,6.0,28.3,4.7,67.0,2.39,2.4
130721,U,NE,Mollisols,A,30,40,O,496,6.1,26.6,4.9,68.5,2.21,2.2
130722,U,NE,Mollisols,A,0,5,O,605,6.3,24.3,5.1,70.6,2.51,2.5
130723,U,NE,Mollisols,A,5,16,O,441,5.6,28.5,4.0,67.5,2.08,2.1
130724,U,NE,Mollisols,A,16,32,O,424,5.9,33.1,4.0,62.9,2.14,2.1
130725,U,NE,Mollisols,A,32,40,O,368,6.3,30.0,4.0,66.0,1.25,1.2
130726,U,NE,Mollisols,A,0,5,O,569,5.9,24.7,4.6,70.7,2.46,2.5
130727,U,NE,Mollisols,A,5,17,O,459,5.6,25.9,4.0,70.1,2.04,2.0
130728,U,NE,Mollisols,A,17,32,O,369,5.9,35.7,3.1,61.2,2.16,2.2
130729,U,NE,Mollisols,A,32,40,O,331,6.3,32.3,3.5,64.2,1.89,1.9
130730,U,NE,Mollisols,A,0,5,O,551,6.1,27.3,4.2,68.5,2.46,2.5
130731,U,NE,Mollisols,A,5,19,O,404,5.7,30.0,3.6,66.4,1.98,2.0
130732,U,NE,Mollisols,A,19,33,O,350,6.2,33.5,3.3,63.2,2.06,2.1
130733,U,NE,Mollisols,A,33,40,O,294,6.5,31.1,3.5,65.4,1.61,1.6
130734,U,NE,Mollisols,A,0,5,O,587,5.7,26.8,4.6,68.6,2.57,2.6
130735,U,NE,Mollisols,A,5,14,O,422,5.6,29.4,3.6,67.0,2.16,2.2
130736,U,NE,Mollisols,A,14,29,O,369,5.9,34.5,3.2,62.3,2.12,2.1
130737,U,NE,Mollisols,A,29,40,O,333,6.2,36.4,2.6,61.0,2.11,2.1
130738,U,NE,Mollisols,A,0,5,NT,587,7.3,27.9,1.9,70.2,2.592,2.8
130739,U,NE,Mollisols,A,5,19,NT,331,5.5,35.8,0.9,63.3,1.99,2.0
130740,U,NE,Mollisols,A,19,31,NT,368,5.5,35.0,1.8,63.2,2.86,2.9
130741,U,NE,Mollisols,A,31,40,NT,350,5.8,33.9,1.6,64.5,2.56,2.6
130742,U,NE,Mollisols,A,0,5,NT,606,7.5,27.7,2.2,70.1,3.0036,3.2
130743,U,NE,Mollisols,A,5,18,NT,331,5.9,32.7,2.0,65.3,1.75,1.8
130744,U,NE,Mollisols,A,18,35,NT,368,5.6,33.4,1.5,65.1,2.76,2.8
130745,U,NE,Mollisols,A,35,40,NT,443,5.4,36.5,1.9,61.6,3.23,3.2
130746,U,NE,Mollisols,A,0,5,NT,495,7.5,29.0,1.4,69.6,2.3416,2.4
130747,U,NE,Mollisols,A,5,21,NT,331,5.8,33.3,1.4,65.3,1.79,1.8
130748,U,NE,Mollisols,A,21,35,NT,443,5.3,38.6,1.0,60.4,3.24,3.2
130749,U,NE,Mollisols,A,35,40,NT,405,5.5,33.3,1.7,65.0,2.74,2.7
130750,U,NE,Mollisols,A,0,5,NT,533,7.3,30.0,1.1,68.9,2.43,2.4
130751,U,NE,Mollisols,A,5,21,NT,368,5.7,36.5,1.1,62.4,1.87,1.9
130752,U,NE,Mollisols,A,21,35,NT,498,5.4,38.4,1.0,60.6,3.2,3.2
130753,U,NE,Mollisols,A,35,40,NT,442,5.6,35.3,1.3,63.4,2.76,2.8
130754,U,NE,Mollisols,A,0,5,NT,495,7.0,28.8,1.7,69.5,1.86,1.9
130755,U,NE,Mollisols,A,5,16,NT,404,5.4,34.0,1.6,64.4,1.68,1.7
130756,U,NE,Mollisols,A,16,30,NT,481,5.5,42.6,0.4,57.0,3.27,3.3
130757,U,NE,Mollisols,A,30,40,NT,479,5.7,34.9,1.4,63.7,3.13,3.1
130758,U,NE,mollisols,A,0,5,T,531,6.1,24.8,3.9,71.3,2.11,2.1
130759,U,NE,mollisols,A,5,14,T,476,5.1,26.0,3.4,70.6,1.91,1.9
130760,U,NE,mollisols,A,14,28,T,459,5.2,29.1,2.3,68.6,2.04,2.0
130761,U,NE,mollisols,A,28,40,T,498,5.7,32.9,2.0,65.1,3.11,3.1
130762,U,NE,mollisols,A,0,5,T,512,6.2,24.0,3.0,73.0,2.1,2.1
130763,U,NE,mollisols,A,5,12,T,457,5.2,24.3,3.0,72.7,1.89,1.9
130764,U,NE,mollisols,A,12,22,T,404,5.2,31.8,2.7,65.5,2.03,2.0
130765,U,NE,mollisols,A,22,40,T,404,5.9,33.1,3.0,63.9,2.09,2.1
130766,U,NE,mollisols,A,0,5,T,530,5.4,23.2,3.4,73.4,2.27,2.3
130767,U,NE,mollisols,A,5,18,T,421,5.1,23.3,3.4,73.3,1.79,1.8
130768,U,NE,mollisols,A,18,30,T,404,5.1,30.2,2.6,67.2,2.14,2.1
130769,U,NE,mollisols,A,30,40,T,404,5.7,30.5,2.9,66.6,2.42,2.4
130770,U,NE,mollisols,A,0,5,T,474,6.0,21.5,5.3,73.2,1.97,2.0
130771,U,NE,mollisols,A,5,12,T,438,5.3,21.9,6.1,72.0,1.84,1.8
130772,U,NE,mollisols,A,12,24,T,385,5.1,26.5,5.0,68.5,1.67,1.7
130773,U,NE,mollisols,A,24,40,T,349,6.0,29.0,4.8,66.2,1.93,1.9
130774,U,NE,mollisols,A,0,5,T,493,5.4,22.6,3.2,74.2,2.12,2.1
130775,U,NE,mollisols,A,5,13,T,438,5.0,23.2,3.4,73.4,1.8,1.8
130776,U,NE,mollisols,A,13,25,T,366,5.1,28.5,2.7,68.8,1.78,1.8
130777,U,NE,mollisols,A,25,40,T,404,5.8,30.3,2.9,66.8,2.5,2.5
131495,U,KS,mollisols,A,0,5,NT,455,5.5,18.9,6.8,74.3,1.84,1.8
131496,U,KS,mollisols,A,5,13,NT,310,4.9,20.7,5.2,74.1,1.13,1.1
131497,U,KS,mollisols,A,13,27,NT,292,5.4,22.9,4.3,72.8,1.09,1.1
131498,U,KS,mollisols,A,27,40,NT,292,5.9,23.4,5.7,70.9,1.08,1.1
131499,U,KS,mollisols,A,0,5,NT,419,5.6,18.2,8.2,73.6,1.68,1.7
131500,U,KS,mollisols,A,5,16,NT,310,5.3,19.7,7.5,72.8,1.15,1.2
131501,U,KS,mollisols,A,16,30,NT,292,5.9,21.5,3.4,75.1,1.06,1.1
131502,U,KS,mollisols,A,30,40,NT,293,6.2,24.3,3.1,72.6,1.26,1.3
131503,U,KS,mollisols,A,0,5,NT,437,5.7,17.6,6.9,75.5,1.7,1.7
131504,U,KS,mollisols,A,5,15,NT,274,5.2,21.2,4.7,74.1,1.04,1.0
131505,U,KS,mollisols,A,15,26,NT,255,5.5,21.9,3.2,74.9,0.98,1.0
131506,U,KS,mollisols,A,26,40,NT,292,6.3,24.1,2.6,73.3,1.25,1.2
131507,U,KS,mollisols,A,0,5,NT,437,5.6,18.4,5.8,75.8,1.99,2.0
131508,U,KS,mollisols,A,5,20,NT,274,5.2,21.4,3.8,74.8,1.06,1.1
131509,U,KS,mollisols,A,20,30,NT,311,5.7,24.9,1.5,73.6,1.09,1.1
131510,U,KS,mollisols,A,30,40,NT,311,6.2,24.4,3.1,72.5,1.29,1.3
131511,U,KS,mollisols,A,0,5,NT,657,5.3,21.4,5.5,73.1,1.94,1.9
131512,U,KS,mollisols,A,5,16,NT,311,5.1,21.4,5.5,73.1,1.16,1.2
131513,U,KS,mollisols,A,16,28,NT,311,5.2,22.9,2.9,74.2,1.06,1.1
131514,U,KS,mollisols,A,28,40,NT,293,5.8,24.4,1.5,74.1,1.27,1.3
131515,U,NE,mollisols,A,0,5,NT,661,7.5,25.1,6.6,68.3,2.64,2.6
131516,U,NE,mollisols,A,5,17,NT,441,6.6,28.8,5.3,65.9,1.5,1.5
131517,U,NE,mollisols,A,17,28,NT,367,6.4,30.8,5.4,63.8,1.32,1.3
131518,U,NE,mollisols,A,28,40,NT,368,6.4,30.6,4.8,64.6,1.32,1.3
131519,U,NE,mollisols,A,0,5,NT,587,7.2,26.0,6.5,67.5,2.56,2.6
131520,U,NE,mollisols,A,5,14,NT,422,6.4,27.9,5.9,66.2,1.61,1.6
131521,U,NE,mollisols,A,14,31,NT,367,6.2,30.4,5.9,63.7,1.31,1.3
131523,U,NE,mollisols,A,0,5,NT,477,6.4,25.9,5.8,68.3,1.75,1.7
131524,U,NE,mollisols,A,5,17,NT,367,5.6,28.2,5.3,66.5,1.3832,1.4
131525,U,NE,mollisols,A,17,33,NT,349,6.2,29.8,6.1,64.1,1.33,1.3
131527,U,NE,entisols,A,0,5,NT,495,6.9,28.3,7.5,64.2,1.93,1.9
131528,U,NE,entisols,A,5,11,NT,367,6.2,28.0,6.4,65.6,1.33,1.3
131529,U,NE,entisols,A,11,21,NT,331,6.3,29.4,7.2,63.4,1.25,1.3
131532,U,NE,mollisols,A,0,5,NT,659,7.0,27.1,8.3,64.6,1.97,2.0
131533,U,NE,mollisols,A,5,15,NT,421,6.3,28.8,7.8,63.4,1.37,1.4
131534,U,NE,mollisols,A,15,28,NT,386,6.4,31.3,6.6,62.1,1.28,1.3
131535,U,NE,mollisols,A,28,40,NT,385,6.5,29.6,6.0,64.4,1.47,1.5
131536,U,NE,mollisols,A,0,5,NT,548,6.0,22.0,10.3,67.7,2.1,2.1
131537,U,NE,mollisols,A,5,13,NT,566,5.6,24.5,9.8,65.7,1.31,1.3
131538,U,NE,mollisols,A,13,26,NT,348,6.0,25.2,8.3,66.5,1.22,1.2
131539,U,NE,mollisols,A,26,40,NT,329,6.6,24.7,10.0,65.3,0.9,0.9
131540,U,NE,mollisols,A,0,5,NT,511,5.9,21.9,10.8,67.3,1.73,1.7
131541,U,NE,mollisols,A,5,12,NT,383,5.5,23.7,10.5,65.8,1.1,1.1
131542,U,NE,mollisols,A,12,30,NT,329,6.1,25.5,9.8,64.7,0.94,0.9
131543,U,NE,mollisols,A,30,40,NT,293,6.6,28.0,7.6,64.4,0.92,0.9
131544,U,NE,mollisols,A,0,5,NT,547,6.6,22.3,10.3,67.4,2.23,2.2
131545,U,NE,mollisols,A,5,15,NT,383,5.5,23.3,9.8,66.9,1.18,1.2
131546,U,NE,mollisols,A,15,30,NT,366,5.8,26.6,8.5,64.9,1.02,1.0
131547,U,NE,mollisols,A,30,40,NT,385,6.3,31.2,7.0,61.8,1.2,1.2
131548,U,NE,mollisols,A,0,5,NT,584,6.1,20.8,9.6,69.6,2.15,2.2
131549,U,NE,mollisols,A,5,15,NT,401,5.4,22.6,8.7,68.7,1.29,1.3
131550,U,NE,mollisols,A,15,28,NT,365,5.8,24.1,8.6,67.3,1.08,1.1
131551,U,NE,mollisols,A,28,40,NT,348,6.5,26.8,8.7,64.5,1.01,1.0
131552,U,NE,mollisols,A,0,5,NT,566,5.9,23.0,9.8,67.2,2,2.0
131553,U,NE,mollisols,A,5,14,NT,347,5.4,24.1,8.2,67.7,1.07,1.1
131554,U,NE,mollisols,A,14,29,NT,292,6.0,26.1,8.5,65.4,0.93,0.9
131555,U,NE,mollisols,A,29,40,NT,257,6.3,28.3,4.7,67.0,0.83,0.8
131903,U,NE,mollisols,A,0,5,T,461,5.3,28.0,7.8,64.2,1.49,1.5
131904,U,NE,mollisols,A,5,15,T,350,6.2,29.1,6.1,64.8,1.09,1.1
131905,U,NE,mollisols,A,15,31,T,277,6.6,29.8,6.2,64.0,0.88,0.9
131906,U,NE,mollisols,A,31,40,T,221,7.0,22.9,9.2,67.9,0.66,0.7
131907,U,NE,mollisols,A,0,5,T,422,5.4,22.7,10.7,66.6,1.36,1.4
131908,U,NE,mollisols,A,5,19,T,294,6.8,23.1,10.9,66.0,0.83,0.8
131909,U,NE,mollisols,A,19,31,T,257,6.9,22.5,13.2,64.3,0.73,0.7
131910,U,NE,mollisols,A,31,40,T,332,7.0,24.4,11.0,64.6,1.02,1.0
131911,U,NE,mollisols,A,0,5,T,551,5.3,23.4,13.2,63.4,1.35,1.4
131912,U,NE,mollisols,A,5,18,T,368,6.7,24.3,10.3,65.4,0.89,0.9
131913,U,NE,mollisols,A,18,26,T,386,7.1,24.1,13.1,62.8,0.88,0.9
131914,U,NE,mollisols,A,26,40,T,478,7.0,23.4,8.5,68.1,1.38,1.4
131915,U,NE,mollisols,A,0,5,T,497,5.7,27.0,7.0,66.0,1.46,1.5
131916,U,NE,mollisols,A,5,17,T,387,6.8,27.3,6.4,66.3,0.97,1.0
131917,U,NE,mollisols,A,17,29,T,332,6.8,27.2,5.6,67.2,0.87,0.9
131919,U,NE,mollisols,A,0,5,T,478,5.1,21.3,10.9,67.8,1.32,1.3
131920,U,NE,mollisols,A,5,14,T,386,6.0,22.2,11.6,66.2,0.96,1.0
131921,U,NE,mollisols,A,14,23,T,367,6.6,21.4,10.7,67.9,0.86,0.9
131922,U,NE,mollisols,A,23,40,T,368,6.7,21.7,14.5,63.8,0.94,0.9
131923,U,NE,mollisols,A,0,5,T,623,5.5,21.5,10.4,68.1,1.94,1.9
131924,U,NE,mollisols,A,5,13,T,440,5.0,24.1,10.4,65.5,1.45,1.5
131925,U,NE,mollisols,A,13,28,T,349,5.3,27.5,9.4,63.1,1.34,1.3
131926,U,NE,mollisols,A,28,40,T,332,6.2,27.9,9.6,62.5,1.26,1.3
131927,U,NE,mollisols,A,0,5,T,611,5.6,21.3,10.1,68.6,1.91,1.9
131928,U,NE,mollisols,A,5,13,T,441,5.4,23.1,9.7,67.2,1.45,1.4
131929,U,NE,mollisols,A,13,29,T,368,5.5,26.4,9.2,64.4,1.38,1.4
131930,U,NE,mollisols,A,29,40,T,332,6.5,27.1,8.4,64.5,1.31,1.3
131931,U,NE,mollisols,A,0,5,T,587,5.5,21.7,8.9,69.4,1.84,1.8
131932,U,NE,mollisols,A,5,13,T,495,5.4,23.3,8.9,67.8,1.58,1.6
131933,U,NE,mollisols,A,13,28,T,368,5.4,26.2,7.8,66.0,1.37,1.4
131934,U,NE,mollisols,A,28,40,T,350,6.0,26.8,7.2,66.0,1.36,1.4
131935,U,NE,mollisols,A,0,5,T,513,5.4,22.9,8.0,69.1,1.69,1.7
131936,U,NE,mollisols,A,5,14,T,404,5.2,24.6,8.1,67.3,1.45,1.5
131937,U,NE,mollisols,A,14,27,T,387,5.7,27.8,7.1,65.1,1.58,1.6
131938,U,NE,mollisols,A,27,40,T,368,6.2,27.1,6.7,66.2,1.52,1.5
131939,U,NE,mollisols,A,0,5,T,549,5.6,20.4,7.6,72.0,1.78,1.8
131940,U,NE,mollisols,A,5,14,T,367,5.4,24.0,6.6,69.4,1.4,1.4
131941,U,NE,mollisols,A,14,27,T,368,5.5,27.1,6.1,66.8,1.54,1.5
131942,U,NE,mollisols,A,27,40,T,331,6.3,27.0,6.1,66.9,1.43,1.4
133742,U,OR,inceptisols,O,0,2,,16581,,,,,42.63,42.6
133743,U,OR,inceptisols,A,2,14,,413,5.7,20.4,30.8,48.8,4.55,4.6
133750,U,OR,inceptisols,O,0,2,,13501,,,,,33.25,33.2
133751,U,OR,inceptisols,A,2,13,,487,5.4,9.8,60.7,29.5,2.22,2.2
133752,U,OR,inceptisols,AB,13,29,,412,5.6,9.2,60.3,30.5,1.53,1.5
133758,U,OR,andisols,O,0,3,,10430,,,,,22.27,22.3
133759,U,OR,andisols,A,3,10,,598,5.6,26.1,16.2,57.7,3.94,3.9
133760,U,OR,andisols,AB,10,19,,448,5.6,25.6,16.2,58.2,2.13,2.1
133764,U,OR,andisols,O,0,2,,13588,,,,,22.67,22.7
133765,U,OR,andisols,A,2,12,,1507,5.5,28.9,23.2,47.9,5.74,5.7
133766,U,OR,andisols,A,12,22,,567,5.5,30.3,21.8,47.9,4.27,4.3
133767,U,OR,andisols,AB,22,37,,491,5.8,26.9,23.5,49.6,3.77,3.8
133773,U,OR,inceptisols,O,0,3,,21307,,,,,46.3,46.3
133774,U,OR,inceptisols,A,3,11,,450,5.5,12.9,53.7,33.4,2.52,2.5
133775,U,OR,inceptisols,AB,11,24,,412,5.5,12.5,55.4,32.1,2.32,2.3
133781,U,OR,andisols,O,0,2,,3452,,,,,25.94,25.9
133782,U,OR,andisols,A,2,12,,485,5.7,19.5,49.7,30.8,3.89,3.9
133787,U,OR,andisols,O,0,2,,16085,,,,,41.38,41.4
133788,U,OR,andisols,A,2,17,,446,5.6,11.2,65.8,23.0,2.71,2.7
133793,U,OR,andisols,O,0,2,,15668,,,,,35.23,35.2
133794,U,OR,andisols,A,2,17,,523,5.3,14.8,43.0,42.2,2.32,2.3
133801,U,OR,andisols,O,0,2,,19455,,,,,41.84,41.8
133802,U,OR,andisols,A,2,10,,644,5.7,26.9,26.4,46.7,5.41,5.4
133803,U,OR,andisols,AB,10,24,,415,5.9,27.3,26.4,46.3,2.84,2.8
133809,U,OR,inceptisols,O,0,2,,17046,,,,,24.13,24.1
133810,U,OR,inceptisols,A,2,18,,646,5.1,18.9,49.4,31.7,3.21,3.2
133816,U,OR,alfisols,O,0,1,,14467,,,,,32.2,32.2
133817,U,OR,alfisols,A,1,11,,718,4.5,21.0,38.2,40.8,6.44,6.4
133818,U,OR,alfisols,A,11,23,,566,4.8,20.6,38.1,41.3,4.05,4.1
133819,U,OR,alfisols,AB,23,43,,337,5.3,19.8,41.3,38.9,1.38,1.4
133824,U,OR,alfisols,O,0,2,,16301,,,,,29.58,29.6
133825,D,OR,alfisols,A,2,11,,1875,5.5,29.2,15.3,55.5,7.26,7.3
133826,U,OR,alfisols,AB,11,22,,639,5.5,28.2,15.0,56.8,6.05,6.0
133831,U,OR,alfisols,O,0,1,,14381,,,,,38.56,38.6
133832,U,OR,alfisols,A,1,14,,1439,6.0,34.1,19.4,46.5,5.35,5.4
133833,U,OR,alfisols,AB,14,30,,914,5.5,37.5,18.7,43.8,3.28,3.3
134598,U,AZ,entisols,A,0,8,,255,8.6,19.5,63.8,16.7,0.7448,1.5
134599,U,AZ,entisols,A,8,43,,73,8.2,11.8,79.3,8.9,0.3484,0.9
134603,U,AZ,entisols,A,0,10,,73,9.0,16.4,42.1,41.5,0.1568,1.4
134607,U,AZ,entisols,A,0,18,,184,8.5,22.6,46.1,31.3,0.5528,1.6
134612,U,AZ,entisols,A,0,15,,183,8.3,21.2,41.6,37.2,0.4444,1.6
134613,U,AZ,entisols,AB,15,38,,110,8.5,20.6,39.5,39.9,0.2968,1.5
134617,U,AZ,entisols,A,0,23,,36,8.9,11.5,50.1,38.4,0.1532,1.4
134618,U,AZ,entisols,A,23,46,,36,9.0,9.6,46.2,44.2,0.106,1.4
134622,U,AZ,entisols,A,0,33,,109,9.0,13.2,38.6,48.2,0.2876,1.7
134626,U,AZ,entisols,A,0,20,,73,8.4,30.5,23.0,46.5,0.3688,1.7
134629,U,AZ,entisols,A,0,20,,184,8.4,32.0,35.5,32.5,0.6784,1.7
134635,U,AZ,aridisols,A,0,13,,146,8.4,16.7,52.3,31.0,0.4368,1.3
134639,U,AZ,aridisols,A,0,15,,109,8.5,15.3,65.9,18.8,0.4416,0.9
134643,U,AZ,aridisols,A,0,15,,109,8.4,19.1,61.4,19.5,0.1784,0.7
134644,U,AZ,aridisols,AB,15,33,,109,8.5,19.5,64.4,16.1,0.218,0.7
134648,U,AZ,aridisols,A,0,28,,146,8.6,15.8,53.8,30.4,0.2304,1.4
134653,U,AZ,aridisols,A,0,13,,290,7.9,6.4,67.9,25.7,0.7716,1.5
134658,U,AZ,aridisols,A,0,10,,72,8.0,5.6,85.5,8.9,0.1256,0.4
134659,U,AZ,aridisols,A,10,33,,373,7.5,26.3,51.3,22.4,1.2852,2.0
134660,U,AZ,aridisols,A,33,43,,182,8.1,11.2,68.9,19.9,0.3956,1.0
134664,U,AZ,aridisols,A,0,10,,254,7.9,7.4,74.8,17.8,0.9096,1.5
134669,U,AZ,aridisols,A,0,20,,164,8.4,12.9,44.7,42.4,0.6112,1.9
134670,U,AZ,aridisols,AB,20,51,,164,,14.4,37.3,48.3,0.572,1.9
134680,U,AZ,aridisols,A,0,18,,146,8.2,14.6,42.4,43.0,0.8168,1.3
134685,U,AZ,entisols,A,0,28,,109,8.3,6.4,71.7,21.9,0.2968,1.1
134691,U,AZ,mollisols,A,0,18,,273,8.1,12.6,75.4,12.0,0.6544,0.7
134695,U,AZ,mollisols,A,86,97,,109,8.2,13.8,75.9,10.3,0.2728,0.4
134699,U,AZ,vertisols,A,0,10,,316,8.1,41.3,33.3,25.4,0.9148,1.3
134703,U,AZ,mollisols,A,0,18,,480,7.8,35.3,39.4,25.3,1.6176,1.7
134704,U,AZ,mollisols,A,18,53,,109,8.2,11.6,67.1,21.3,0.2536,0.4
134709,U,AZ,mollisols,A,0,20,,329,8.0,23.2,43.5,33.3,1.0156,1.1
134714,U,AZ,mollisols,A,0,46,,311,8.0,16.6,63.8,19.6,1.0896,1.2
134718,U,AZ,mollisols,A,124,135,,183,7.8,17.8,61.3,20.9,0.4068,0.6
134720,U,AZ,mollisols,A,0,51,,272,8.0,11.2,79.9,8.9,0.6488,0.7
134723,U,AZ,mollisols,A,0,28,,384,7.6,20.2,43.4,36.4,1.4896,1.5
134724,U,AZ,mollisols,AB,28,51,,385,7.6,21.2,41.8,37.0,1.2584,1.3
134729,U,AZ,vertisols,A,0,15,,148,7.9,56.9,6.6,36.5,0.4736,1.2
136166,U,TX,alfisols,A,0,3,T,218,7.5,13.0,78.6,8.4,0.3052,0.3
136167,U,TX,alfisols,A,3,9,T,310,6.8,12.8,79.1,8.1,0.2976,0.3
136168,U,TX,alfisols,A,9,30,T,231,7.3,12.8,79.0,8.2,0.2664,0.3
136170,U,TX,alfisols,A,0,3,T,236,8.1,10.6,82.4,7.0,0.2764,0.3
136171,U,TX,alfisols,A,3,15,T,200,8.0,10.3,82.9,6.8,0.1816,0.2
136172,U,TX,alfisols,A,15,27,T,218,8.1,11.3,81.4,7.3,0.224,0.2
136174,U,TX,alfisols,A,0,3,T,274,8.1,14.8,74.9,10.3,0.3276,0.3
136175,U,TX,alfisols,A,3,19,T,255,7.8,12.6,79.5,7.9,0.2576,0.3
136176,U,TX,alfisols,A,19,33,T,200,7.6,13.4,78.9,7.7,0.2164,0.2
136178,U,TX,alfisols,A,0,3,T,255,7.2,13.5,78.9,7.6,0.294,0.3
136179,U,TX,alfisols,A,3,12,T,218,6.6,12.8,79.9,7.3,0.2416,0.3
136180,U,TX,alfisols,A,12,30,T,200,7.4,12.5,80.4,7.1,0.2328,0.2
136182,U,TX,alfisols,A,0,3,T,218,7.7,13.4,76.9,9.7,0.2576,0.3
136183,U,TX,alfisols,A,3,18,T,182,7.3,13.8,78.1,8.1,0.2752,0.3
136184,U,TX,alfisols,A,18,28,T,219,7.6,14.4,77.6,8.0,0.2716,0.3
136186,U,TX,alfisols,A,0,3,T,109,8.4,14.5,75.8,9.7,0.1944,0.2
136187,U,TX,alfisols,A,3,15,T,109,8.4,13.8,76.7,9.5,0.158,0.2
136190,U,TX,alfisols,A,0,3,T,109,8.7,13.3,77.6,9.1,0.1516,0.2
136191,U,TX,alfisols,A,3,10,T,109,8.6,12.8,77.8,9.4,0.1892,0.2
136194,U,TX,alfisols,A,0,3,T,109,8.7,15.4,74.2,10.4,0.1868,0.2
136195,U,TX,alfisols,A,3,15,T,183,8.3,14.7,76.2,9.1,0.1796,0.2
136196,U,TX,alfisols,A,15,35,T,201,8.2,13.8,77.9,8.3,0.1856,0.2
136199,U,TX,alfisols,A,3,13,T,146,8.1,13.0,77.6,9.4,0.1616,0.2
136202,U,TX,alfisols,A,0,3,T,109,8.6,14.9,76.3,8.8,0.1668,0.2
136203,U,TX,alfisols,A,3,14,T,164,8.0,15.4,76.7,7.9,0.1792,0.2
136204,U,TX,alfisols,AB,14,29,T,219,8.3,14.3,78.0,7.7,0.2168,0.2
136206,U,TX,alfisols,A,0,3,T,218,8.0,13.9,79.4,6.7,0.2892,0.3
136207,U,TX,alfisols,A,3,10,T,255,8.0,13.4,80.4,6.2,0.2516,0.3
136208,U,TX,alfisols,A,10,31,T,273,7.1,13.3,80.4,6.3,0.3124,0.3
136210,U,TX,alfisols,A,0,3,T,218,8.0,12.7,80.8,6.5,0.2848,0.3
136211,U,TX,alfisols,A,3,15,T,218,6.4,12.8,80.8,6.4,0.2736,0.3
136212,U,TX,alfisols,A,15,29,T,255,7.1,,,,0.3124,0.3
136214,U,TX,alfisols,A,0,3,T,182,8.0,13.1,80.4,6.5,0.2712,0.3
136215,U,TX,alfisols,A,3,18,T,218,7.6,12.5,81.7,5.8,0.2588,0.3
136216,U,TX,alfisols,A,18,30,T,218,7.2,12.5,80.9,6.6,0.2712,0.3
136218,U,TX,alfisols,A,0,3,T,218,8.0,13.1,80.6,6.3,0.3076,0.3
136219,U,TX,alfisols,A,3,9,T,182,6.9,12.8,81.3,5.9,0.2588,0.3
136220,U,TX,alfisols,A,9,32,T,218,7.0,12.8,80.8,6.4,0.2688,0.3
136222,U,TX,alfisols,A,0,3,T,218,8.0,12.3,82.1,5.6,0.2676,0.3
136223,U,TX,alfisols,A,3,19,T,218,7.6,12.0,82.5,5.5,0.2412,0.2
136224,U,TX,alfisols,A,19,36,T,182,7.5,11.8,82.5,5.7,0.2488,0.3
136225,U,TX,alfisols,A,36,40,T,221,7.3,27.3,59.6,13.1,0.4276,0.4
136286,U,TX,alfisols,A,0,8,T,291,7.8,12.1,77.0,10.9,0.634,0.7
136287,U,TX,alfisols,A,8,25,T,182,7.8,10.7,81.0,8.3,0.3076,0.3
136293,U,TX,alfisols,A,0,16,T,219,8.0,12.3,79.6,8.1,0.2928,0.3
136294,U,TX,alfisols,A,16,36,T,219,7.8,12.4,80.0,7.6,0.294,0.3
137389,U,OR,alfisols,O,0,2,,14974,,,,,46.58,46.6
137390,U,OR,alfisols,A,2,12,,644,5.3,23.4,14.2,62.4,5.84,5.8
137391,U,OR,alfisols,AB,12,35,,489,5.5,31.3,10.4,58.3,2.4,2.4
137397,U,OR,ultisols,O,0,3,,10746,,,,,33.54,33.5
137398,U,OR,ultisols,A,3,12,,1064,5.7,24.6,19.4,56.0,8.75,8.8
137404,U,OR,inceptisols,O,0,2,,12791,,,,,33.83,33.8
137405,U,OR,inceptisols,A,2,15,,611,5.8,26.4,24.4,49.2,5.1,5.1
137410,U,OR,andisols,O,0,2,,15032,,,,,44.92,44.9
137411,U,OR,andisols,A,2,20,,567,5.6,23.7,21.6,54.7,5.16,5.2
137418,U,OR,inceptisols,O,0,2,,15531,,,,,41.13,41.1
137419,U,OR,inceptisols,A,2,13,,617,4.8,24.1,38.7,37.2,3.96,4.0
137420,D,OR,inceptisols,A,13,25,,970,4.6,24.8,39.2,36.0,5.26,5.3
137426,U,OR,ultisols,O,0,3,,12347,,,,,36.16,36.2
137427,U,OR,ultisols,A,3,14,,488,6.2,19.2,18.9,61.9,2.83,2.8
137434,U,OR,alfisols,A,0,15,,640,5.5,22.4,25.4,52.2,4.28,4.3
137439,U,OR,andisols,O,0,2,,13566,,,,,34.47,34.5
137440,U,OR,andisols,A,2,18,,410,5.5,24.8,13.6,61.6,2.04,2.0
137447,U,OR,alfisols,O,0,3,,14225,,,,,30,30.0
137448,U,OR,alfisols,A,3,17,,445,5.6,25.1,11.3,63.6,2.09,2.1
137455,U,OR,inceptisols,O,0,2,,14637,,,,,38.8,38.8
137456,U,OR,inceptisols,A,2,12,,569,6.0,19.1,37.4,43.5,2.75,2.7
137462,U,OR,andisols,O,0,3,,13702,,,,,35.07,35.1
137463,U,OR,andisols,A,3,19,,643,5.8,19.1,33.8,47.1,5.11,5.1
138145,U,CO,alfisols,A,0,13,,375,8.3,34.1,8.8,57.1,1.0472,2.0
138148,U,CO,alfisols,A,0,10,,486,8.1,31.5,23.1,45.4,1.772,2.0
138155,U,CO,alfisols,A,0,5,,486,8.1,30.1,22.4,47.5,1.738,1.9
138157,U,CO,alfisols,A,0,5,,523,8.2,30.6,21.4,48.0,2.3092,2.5
138156,U,CO,alfisols,A,5,10,,411,8.1,31.1,21.2,47.7,1.3908,1.6
138158,U,CO,alfisols,A,5,10,,336,8.2,31.2,20.5,48.3,0.9996,1.2
138161,U,CO,alfisols,A,0,5,,406,7.6,20.6,52.9,26.5,1.1424,1.2
138162,U,CO,alfisols,A,5,10,,295,7.8,22.6,51.4,26.0,0.6784,0.7
138966,U,CO,,A,0,11,,485,7.0,30.7,26.5,42.8,1.39,1.4
138973,U,CO,,A,0,5,,557,7.1,29.5,27.2,43.3,1.72,1.7
138974,U,CO,,A,5,10,,448,7.0,30.0,26.1,43.9,1.27,1.3
138975,U,CO,,A,0,5,,593,6.8,24.5,30.1,45.4,1.9,1.9
138976,U,CO,,A,5,10,,445,6.9,25.9,29.9,44.2,1.24,1.2
138979,U,CO,,A,0,5,,556,7.0,25.1,30.2,44.7,1.94,1.9
138980,U,CO,,A,5,10,,408,7.0,26.1,30.1,43.8,1.26,1.3
138982,U,CO,,A,0,5,,556,7.0,24.2,30.4,45.4,1.93,1.9
138983,U,CO,,A,5,10,,446,7.0,25.6,31.2,43.2,1.3,1.3
138986,U,CO,,A,0,17,,366,6.1,17.9,27.7,54.4,0.88,0.9
138992,U,CO,,A,0,5,,438,6.1,17.0,26.4,56.6,1.36,1.4
138993,U,CO,,A,5,10,,294,6.8,24.4,25.9,49.7,0.77,0.8
138994,U,CO,,A,10,17,,262,7.4,37.0,19.7,43.3,0.81,0.8
138995,U,CO,,A,0,5,,439,6.6,16.2,28.9,54.9,1.11,1.1
138996,U,CO,,A,5,10,,367,6.5,17.0,26.3,56.7,0.78,0.8
138999,U,CO,,A,0,5,,402,7.2,15.9,27.9,56.2,0.89,0.9
139000,U,CO,,A,5,10,,293,6.8,18.5,26.3,55.2,0.7,0.7
139001,U,CO,,A,10,16,,295,7.1,24.4,29.0,46.6,0.65,0.7
139004,U,CO,,A,0,5,,365,5.9,14.6,30.4,55.0,0.9,0.9
139005,U,CO,,A,5,9,,294,6.9,23.0,25.8,51.2,0.75,0.7
139008,U,CO,,A,0,15,,371,8.1,24.7,24.5,50.8,0.9532,1.2
139015,U,CO,,A,0,5,,480,7.8,25.3,25.4,49.3,1.4316,1.7
139016,U,CO,,A,5,10,,406,7.9,26.3,25.0,48.7,1.1088,1.3
139017,U,CO,,A,10,15,,261,8.2,34.2,21.6,44.2,0.826,1.0
139018,U,CO,,A,0,5,,482,7.7,30.9,20.2,48.9,1.4612,1.7
139019,U,CO,,A,5,10,,409,8.0,29.6,22.3,48.1,1.032,1.3
139020,U,CO,,A,10,25,,264,8.1,40.5,16.6,42.9,0.728,0.9
139023,U,CO,,A,0,5,,445,7.6,33.0,20.0,47.0,1.4084,1.7
139024,U,CO,,A,5,10,,370,7.9,31.2,19.6,49.2,0.958,1.3
139025,U,CO,,A,10,17,,263,8.0,41.7,15.7,42.6,0.8084,1.1
139028,U,CO,,A,0,5,,445,7.8,29.2,45.4,25.4,1.3684,1.7
139029,U,CO,,A,5,10,,408,8.4,28.4,21.3,50.3,0.9972,1.4
139030,U,CO,,A,10,18,,336,8.4,27.4,14.4,58.2,0.8676,1.3
139033,U,CO,,A,0,15,,369,7.3,21.9,35.3,42.8,1.1624,1.2
139039,U,CO,,A,0,5,,406,7.0,19.1,34.4,46.5,1.226,1.3
139040,U,CO,,A,5,10,,333,7.3,20.0,34.1,45.9,0.9936,1.0
139041,U,CO,,A,10,15,,261,7.7,27.7,33.0,39.3,0.9132,0.9
139042,U,CO,,A,0,17,,372,7.3,26.9,30.4,42.7,1.0256,1.0
139045,U,CO,,A,0,5,,481,7.0,22.8,33.4,43.8,1.63,1.6
139046,U,CO,,A,5,10,,370,7.4,24.0,33.8,42.2,1.07,1.1
139047,U,CO,,A,10,17,,300,7.7,32.2,27.6,40.2,0.8932,0.9
139048,U,CO,,A,0,14,,333,6.9,22.8,34.6,42.6,0.98,1.0
139051,U,CO,,A,0,5,,481,6.5,21.7,34.2,44.1,1.84,1.8
139052,U,CO,,A,5,10,,332,7.0,23.1,33.6,43.3,1.05,1.0
139053,U,CO,,A,10,14,,297,7.4,26.0,32.5,41.5,0.91,0.9
139054,U,CO,,A,0,18,,297,7.5,27.5,32.5,40.0,0.918,0.9
139057,U,CO,,A,0,5,,368,6.2,20.6,38.4,41.0,1.24,1.2
139058,U,CO,,A,5,10,,333,7.1,23.0,35.3,41.7,0.93,0.9
139059,U,CO,,A,10,18,,260,7.6,26.8,30.3,42.9,0.8152,0.8
141596,U,TX,alfisols,A,0,3,R,-367,7.0,21.0,45.8,33.2,2.96,3.0
141597,U,TX,alfisols,A,3,12,R,328,7.1,21.5,50.3,28.2,1.23,1.2
141601,U,TX,alfisols,A,0,3,R,476,7.1,19.9,51.1,29.0,2.23,2.2
141602,U,TX,alfisols,A,3,17,R,292,7.4,20.1,57.3,22.6,1.08,1.1
141605,U,TX,alfisols,A,0,3,R,401,7.1,19.6,51.9,28.5,1.66,1.7
141606,U,TX,alfisols,A,3,16,R,255,7.7,20.5,57.9,21.6,0.9244,0.9
141609,U,TX,alfisols,A,0,3,R,475,7.3,21.4,45.7,32.9,2.39,2.4
141610,U,TX,alfisols,A,3,21,R,291,7.4,21.2,54.3,24.5,1.16,1.2
141612,U,TX,alfisols,A,0,3,R,400,7.4,22.0,46.3,31.7,1.63,1.6
141613,U,TX,alfisols,A,3,13,R,291,7.4,21.8,53.4,24.8,1.0104,1.0
141616,U,TX,alfisols,A,0,3,R,435,7.2,17.9,62.5,19.6,1.55,1.5
141617,U,TX,alfisols,A,3,14,R,254,7.3,15.3,71.2,13.5,0.53,0.5
141618,U,TX,alfisols,A,14,30,R,182,7.7,17.9,69.3,12.8,0.314,0.3
141620,U,TX,alfisols,A,0,3,R,437,7.4,17.8,63.2,19.0,0.95,1.0
141621,U,TX,alfisols,A,3,9,R,254,7.6,17.3,56.9,25.8,0.5892,0.6
141624,U,TX,alfisols,A,0,3,R,506,7.3,16.0,62.8,21.2,1.52,1.5
141625,U,TX,alfisols,A,3,24,R,290,7.7,16.0,69.2,14.8,0.55,0.5
141628,U,TX,alfisols,A,0,3,R,433,7.4,16.4,63.7,19.9,1.1868,1.2
141629,U,TX,alfisols,A,3,11,R,291,7.8,15.4,67.7,16.9,0.484,0.5
141630,U,TX,alfisols,AB,11,21,R,291,7.9,15.7,66.8,17.5,0.3592,0.4
141632,U,TX,alfisols,A,0,3,R,327,7.3,14.6,68.4,17.0,1.44,1.4
141635,U,TX,alfisols,A,0,3,R,510,7.4,16.5,67.9,15.6,1.3,1.3
141720,U,TX,alfisols,A,0,3,R,401,7.4,17.1,65.0,17.9,1.21,1.2
141721,U,TX,alfisols,A,3,18,R,253,7.6,17.8,67.7,14.5,0.53,0.5
141723,U,TX,alfisols,A,0,3,R,547,7.2,18.2,66.8,15.0,1.87,1.9
141724,U,TX,alfisols,A,3,11,R,254,7.3,12.3,76.8,10.9,0.5,0.5
141727,U,TX,alfisols,A,0,3,R,291,7.4,13.1,71.8,15.1,0.6024,0.6
141728,U,TX,alfisols,AB,3,36,R,181,7.7,12.1,78.1,9.8,0.2792,0.3
141730,U,TX,alfisols,A,0,3,R,545,7.1,15.2,68.9,15.9,1.9,1.9
141731,U,TX,alfisols,A,3,8,R,255,7.6,13.9,75.7,10.4,0.5316,0.5
141734,U,TX,alfisols,A,0,3,R,396,7.1,7.7,78.8,13.5,1.84,1.8
141735,U,TX,alfisols,A,3,12,R,325,7.3,6.4,85.9,7.7,0.35,0.4
141738,U,TX,alfisols,A,0,3,R,434,5.8,6.3,82.9,10.8,1.44,1.4
141739,U,TX,alfisols,A,3,14,R,252,6.7,5.6,87.3,7.1,0.32,0.3
141742,U,TX,alfisols,A,0,3,R,435,6.7,7.3,81.4,11.3,0.95,0.9
141743,U,TX,alfisols,A,3,17,R,217,7.1,7.2,84.9,7.9,0.24,0.2
141746,U,TX,alfisols,A,0,3,R,325,6.3,7.3,83.0,9.7,0.7,0.7
141747,U,TX,alfisols,A,3,15,R,199,6.9,6.5,85.6,7.9,0.25,0.2
141750,U,TX,alfisols,A,0,3,R,399,6.4,7.6,80.9,11.5,1.14,1.1
141751,U,TX,alfisols,A,3,17,R,216,6.7,6.5,86.8,6.7,0.28,0.3
141754,U,TX,alfisols,A,0,3,T,290,6.7,12.2,63.6,24.2,0.78,0.8
141755,U,TX,alfisols,A,3,15,T,255,7.2,16.3,61.6,22.1,0.78,0.8
141757,U,TX,alfisols,A,0,3,T,181,7.3,12.6,76.8,10.6,0.44,0.4
141758,U,TX,alfisols,A,3,19,T,255,7.1,15.8,60.0,24.2,0.66,0.7
141760,U,TX,alfisols,A,0,3,T,474,7.1,21.1,52.8,26.1,1.94,1.9
141761,U,TX,alfisols,A,3,20,T,291,7.2,14.6,69.6,15.8,0.81,0.8
141763,U,TX,alfisols,A,0,3,T,289,7.1,17.1,58.7,24.2,0.84,0.8
141764,U,TX,alfisols,A,3,23,T,217,7.5,15.2,73.4,11.4,0.5,0.5
141765,U,TX,alfisols,AB,23,38,T,180,7.5,17.0,73.2,9.8,0.46,0.5
141767,U,TX,alfisols,A,0,3,T,364,6.9,17.5,53.9,28.6,1.22,1.2
141770,U,TX,alfisols,A,0,3,R,363,7.1,15.4,68.3,16.3,0.68,0.7
141771,U,TX,alfisols,AB,3,12,R,254,7.6,16.0,70.5,13.5,0.4856,0.5
141774,U,TX,alfisols,A,0,3,R,401,7.2,16.1,65.6,18.3,0.73,0.7
141775,U,TX,alfisols,A,3,15,R,254,7.5,14.6,69.7,15.7,0.53,0.5
141778,U,TX,alfisols,A,0,3,R,254,7.3,12.5,72.7,14.8,0.49,0.5
141779,U,TX,alfisols,A,3,21,R,182,7.8,13.7,72.4,13.9,0.3456,0.4
141781,U,TX,alfisols,A,0,3,R,437,6.9,14.3,69.9,15.8,0.71,0.7
141782,U,TX,alfisols,A,3,18,R,254,7.4,14.1,72.9,13.0,0.37,0.4
141785,U,TX,alfisols,A,0,3,R,473,7.3,13.6,67.9,18.5,1.04,1.0
141786,U,TX,alfisols,A,3,20,R,145,7.9,14.4,71.9,13.7,0.386,0.4
145328,U,GA,ultisols,A,0,2,P,613,6.3,5.2,82.9,11.9,3.35,3.3
145329,U,GA,ultisols,A,2,28,P,288,5.2,3.6,86.1,10.3,0.92,0.9
146189,U,GA,ultisols,A,2,18,W,326,4.8,5.1,84.9,10.0,2.37,2.4
146195,U,GA,ultisols,A,0,2,W,511,4.3,4.0,86.5,9.5,6.22,6.2
146196,U,GA,ultisols,A,2,10,W,507,4.3,4.6,85.6,9.8,2.36,2.4
146199,U,GA,ultisols,A,0,2,W,538,4.7,5.5,84.4,10.1,4.2,4.2
146200,U,GA,ultisols,A,2,15,W,290,4.8,6.6,83.6,9.8,1.68,1.7
146203,U,GA,ultisols,A,0,2,W,727,5.1,9.6,79.1,11.3,3.86,3.9
146204,U,GA,ultisols,A,2,18,W,327,4.8,5.0,83.3,11.7,2.19,2.2
146206,U,GA,ultisols,A,0,2,W,626,5.0,4.9,84.8,10.3,6.64,6.6
146207,U,GA,ultisols,A,2,16,W,359,5.0,5.5,84.6,9.9,2.64,2.6
146210,U,GA,ultisols,A,0,2,W,577,4.8,4.5,84.2,11.3,5.17,5.2
146211,U,GA,ultisols,A,2,11,W,288,4.8,4.3,85.5,10.2,1.86,1.9
146214,U,GA,ultisols,A,0,2,W,644,5.2,4.1,84.2,11.7,5.36,5.4
146215,U,GA,ultisols,A,2,22,W,363,4.6,4.4,82.6,13.0,1.78,1.8
146218,U,GA,ultisols,A,0,2,W,536,4.4,1.8,88.9,9.3,3.85,3.9
146219,U,GA,ultisols,A,2,20,W,144,4.6,1.9,88.8,9.3,0.79,0.8
146226,U,GA,ultisols,A,0,2,W,472,4.2,5.0,89.2,5.8,1.85,1.8
146227,U,GA,ultisols,A,2,17,W,287,4.4,4.9,87.6,7.5,0.73,0.7
146230,U,GA,ultisols,A,0,2,W,430,4.3,3.5,89.7,6.8,2.69,2.7
146231,U,GA,ultisols,A,2,23,W,143,4.5,4.1,88.4,7.5,1.08,1.1
146234,U,GA,ultisols,A,0,2,W,599,4.6,3.4,89.9,6.7,3.57,3.6
146235,U,GA,ultisols,A,2,27,W,144,4.7,4.2,88.9,6.9,0.86,0.9
146238,U,GA,ultisols,A,0,2,W,395,4.9,4.2,89.3,6.5,2.99,3.0
146239,U,GA,ultisols,A,2,10,W,108,5.1,3.9,90.2,5.9,0.73,0.7
146241,U,GA,ultisols,A,0,2,W,1993,3.8,1.3,90.0,8.7,23.21,23.2
146242,U,GA,ultisols,A,2,23,W,319,4.3,2.1,89.0,8.9,1.05,1.0
146244,U,GA,ultisols,A,0,2,W,787,4.0,1.4,91.0,7.6,7.68,7.7
146245,U,GA,ultisols,A,2,22,W,179,4.7,1.2,88.7,10.1,1.08,1.1
146787,U,TX,alfisols,A,0,2,T,220,7.9,20.5,62.7,16.8,0.6136,0.6
146788,U,TX,alfisols,A,2,7,T,220,7.8,20.3,63.9,15.8,0.5088,0.5
146791,U,TX,alfisols,A,0,2,T,258,7.7,20.5,64.0,15.5,0.5876,0.6
146792,U,TX,alfisols,A,2,17,T,220,7.8,19.5,64.5,16.0,0.5188,0.5
146795,U,TX,alfisols,A,0,2,T,404,7.9,19.1,65.3,15.6,0.49,0.5
146796,U,TX,alfisols,A,2,12,T,182,7.8,19.7,65.4,14.9,0.49,0.5
146799,U,TX,alfisols,A,0,2,T,220,7.9,19.3,66.3,14.4,0.71,0.7
146800,U,TX,alfisols,A,2,8,T,220,7.7,20.4,64.9,14.7,0.54,0.5
146803,U,TX,alfisols,A,0,2,T,404,7.9,19.9,64.0,16.1,0.89,0.9
146804,U,TX,alfisols,A,2,11,T,221,7.5,19.4,66.2,14.4,0.53,0.5
146807,U,TX,alfisols,A,0,2,T,219,8.2,13.9,77.6,8.5,0.53,0.5
146808,U,TX,alfisols,A,2,13,T,218,8.5,12.1,78.6,9.3,0.71,0.7
146809,U,TX,alfisols,A/B,13,31,T,109,8.1,14.8,77.3,7.9,0.37,0.4
146811,U,TX,alfisols,A,0,2,T,328,8.4,12.6,77.9,9.5,1.24,1.2
146812,U,TX,alfisols,A,2,16,T,293,7.9,14.6,75.7,9.7,0.71,0.7
146815,U,TX,alfisols,A,0,2,T,362,8.3,13.2,78.1,8.7,0.92,0.9
146816,U,TX,alfisols,A,2,17,T,293,8.0,14.7,77.2,8.1,0.59,0.6
146817,U,TX,alfisols,A/B,17,32,T,91,7.9,13.9,78.5,7.6,0.35,0.4
146819,U,TX,alfisols,A,0,2,T,216,8.5,13.8,78.1,8.1,0.76,0.8
146820,U,TX,alfisols,A,2,16,T,218,8.2,14.6,78.3,7.1,0.53,0.5
146821,U,TX,alfisols,A/B,16,33,T,218,8.3,13.6,79.2,7.2,0.32,0.3
146823,U,TX,alfisols,A,0,2,T,328,8.1,13.7,78.6,7.7,0.7,0.7
146824,U,TX,alfisols,A,2,24,T,328,8.0,14.1,78.6,7.3,0.65,0.6
146825,U,TX,alfisols,A/B,24,38,T,292,8.0,14.7,77.3,8.0,0.35,0.4
151628,U,TX,alfisols,A,0,3,R,472,7.7,18.1,56.6,25.3,1.7748,1.9
151629,U,TX,alfisols,A,3,16,R,365,7.8,18.7,58.8,22.5,0.7508,0.8
151631,U,TX,alfisols,A,0,3,R,475,7.8,16.2,63.0,20.8,3.1436,3.3
151632,U,TX,alfisols,A,3,20,R,364,7.5,15.2,67.4,17.4,1.2392,1.3
151633,U,TX,alfisols,AB,20,43,R,236,7.9,13.7,67.2,19.1,0.5132,0.5
151635,U,TX,alfisols,A,0,3,R,475,7.3,17.9,59.9,22.2,2.1308,2.2
151636,U,TX,alfisols,A,3,19,R,293,7.7,16.6,62.4,21.0,0.7472,0.8
151639,U,TX,alfisols,A,0,3,R,550,7.8,19.6,54.1,26.3,5.4296,5.5
151640,U,TX,alfisols,A,3,12,R,329,7.4,19.9,54.8,25.3,1.308,1.4
151643,U,TX,alfisols,A,0,3,R,586,8.0,18.5,56.6,24.9,3.6104,3.8
151644,U,TX,alfisols,A,3,14,R,328,7.6,18.0,60.0,22.0,0.9072,0.9
151804,U,TX,alfisols,A,0,3,R,200,7.8,13.8,74.3,11.9,0.362,0.4
166183,U,OR,inceptisols,A,8,26,,686,5.6,23.0,37.5,39.5,5.08,5.1
166184,U,OR,inceptisols,AB,26,35,,418,5.8,22.4,37.1,40.5,2.61,2.6
166188,U,OR,inceptisols,A,6,18,,571,5.2,27.4,29.9,42.7,4.91,4.9
166194,U,OR,andisols,O,0,1,,10899,,,,,54.32,54.3
166195,U,OR,andisols,O,1,6,,11259,4.1,,,,55.25,55.3
166196,U,OR,andisols,A,6,23,,449,5.2,14.8,34.5,50.7,3.73,3.7
166197,U,OR,andisols,A,23,47,,412,5.3,15.3,33.2,51.5,2.91,2.9
166198,U,OR,andisols,AB,47,62,,299,5.4,15.9,30.6,53.5,1.23,1.2
166203,U,OR,andisols,O,0,3,,11156,,,,,52.69,52.7
166204,U,OR,andisols,O,3,7,,5930,4.6,,,,45.83,45.8
166205,U,OR,andisols,A,7,18,,685,5.8,2.9,65.1,32.0,5.8,5.8
166206,U,OR,andisols,AB,18,33,,458,6.0,2.2,64.8,33.0,4.1,4.1
166212,U,OR,andisols,O,3,9,,11740,4.9,,,,47.77,47.8
166213,U,OR,andisols,A,9,25,,487,5.3,17.1,53.7,29.2,5.07,5.1
166214,U,OR,andisols,A,25,45,,410,5.4,14.4,57.6,28.0,3.37,3.4
166219,U,OR,mollisols,O,0,2,,7511,5.5,,,,28.87,28.9
166220,U,OR,mollisols,A,2,16,,769,5.9,28.9,28.6,42.5,3.69,3.7
166221,U,OR,mollisols,AB,16,34,,426,5.8,32.1,32.3,35.6,1.25,1.3
166226,U,OR,mollisols,O,0,2,,8635,5.7,,,,35.5,35.5
166227,U,OR,mollisols,A,2,12,,899,5.9,17.5,40.2,42.3,3.89,3.9
166228,U,OR,mollisols,A,12,36,,449,5.8,18.1,41.0,40.9,1.99,2.0
166234,U,OR,andisols,O,0,1,,10608,,,,,52.71,52.7
166235,U,OR,andisols,O,1,2,,8541,4.7,,,,50.24,50.2
166242,U,OR,andisols,O,0,2,,11527,,,,,54.16,54.2
166243,U,OR,andisols,O,2,5,,6284,4.7,,,,45.45,45.5
166244,U,OR,andisols,A,5,32,,376,5.9,4.2,65.7,30.1,2.22,2.2
166249,U,OR,andisols,O,0,5,,5824,,,,,49.7,49.7
166250,U,OR,andisols,A,5,19,,368,5.7,3.2,74.8,22.0,2.33,2.3
166261,U,OR,andisols,O,0,3,,10807,,,,,48.8,48.8
166262,U,OR,andisols,A,3,9,,913,5.3,8.8,52.6,38.6,8.37,8.4
166263,U,OR,andisols,A,9,20,,606,5.4,7.4,55.0,37.6,4.47,4.5
166264,U,OR,andisols,AB,20,39,,492,5.6,7.5,54.1,38.4,3.09,3.1
166267,U,OR,andisols,O,0,3,,10967,,,,,53.47,53.5
166268,U,OR,andisols,O,3,10,,6220,4.5,,,,52.73,52.7
166269,U,OR,andisols,A,10,25,,584,5.4,5.9,51.6,42.5,5.44,5.4
166270,U,OR,andisols,A,25,57,,451,5.7,5.2,55.5,39.3,3.12,3.1
166271,U,OR,andisols,AB,57,86,,414,5.8,5.8,53.4,40.8,2.29,2.3
166275,U,OR,andisols,O,0,2,,11062,,,,,55.83,55.8
166276,U,OR,andisols,O,2,6,,11622,4.1,,,,54.69,54.7
166277,U,OR,andisols,A,6,23,,602,5.5,4.4,66.1,29.5,6.0848,6.1
166278,U,OR,andisols,AB,23,40,,572,5.8,4.4,63.3,32.3,4.8304,4.9
166281,U,OR,andisols,O,0,1,,11707,,,,,54.57,54.6
166282,U,OR,andisols,O,1,5,,8438,4.4,,,,53.93,53.9
166283,U,OR,andisols,A,5,17,,531,5.5,6.7,56.2,37.1,4.86,4.9
166284,U,OR,andisols,A,17,30,,492,5.6,6.5,58.5,35.0,3.43,3.4
166285,U,OR,andisols,AB,30,60,,534,5.7,8.1,57.6,34.3,3.23,3.2
166289,U,OR,andisols,O,0,2,,11150,,,,,50.89,50.9
166290,U,OR,andisols,O,2,6,,10074,5.5,,,,41.43,41.4
166291,U,OR,andisols,A,6,18,,490,6.0,8.3,56.9,34.8,3.91,3.9
166292,U,OR,andisols,A,18,35,,454,6.0,7.9,58.6,33.5,2.63,2.6
166293,U,OR,andisols,AB,35,50,,379,6.0,7.0,62.6,30.4,2.7,2.7
166295,U,OR,andisols,A,91,108,,228,6.1,7.1,56.6,36.3,0.71,0.7
166297,U,OR,andisols,O,0,4,,6204,,,,,44.62,44.6
166298,U,OR,andisols,A,4,12,,568,6.0,10.8,46.8,42.4,3.61,3.6
166299,U,OR,andisols,A,12,28,,453,6.0,11.4,47.0,41.6,2.35,2.4
166305,U,OR,andisols,O,0,1,,12640,,,,,54.18,54.2
166306,U,OR,andisols,O,1,5,,11704,5.1,,,,46.43,46.4
166308,U,OR,andisols,A,20,38,,304,5.1,34.6,26.0,39.4,0.79,0.8
166312,U,OR,andisols,O,0,2,,11803,,,,,56.5,56.5
166313,U,OR,andisols,O,2,5,,12682,4.2,,,,53.13,53.1
166314,U,OR,andisols,A,5,15,,2003,4.6,12.6,34.2,53.2,18.62,18.6
166315,U,OR,andisols,A,15,32,,1855,4.6,12.7,35.9,51.4,16.15,16.2
167130,D,OR,andisols,A,3,8,,2008,4.0,46.9,12.0,41.1,12.5464,12.6
167138,U,OR,inceptisols,A,2,16,,5063,3.7,47.6,14.5,37.9,21.87,21.9
167139,D,OR,inceptisols,A,16,33,,869,3.9,47.0,13.3,39.7,6.78,6.8
167145,U,OR,andisols,A,3,19,,1093,4.2,33.5,23.7,42.8,8.41,8.4
167146,U,OR,andisols,A,19,30,,622,4.5,28.6,24.1,47.3,6.14,6.1
167147,U,OR,andisols,AB,30,56,,426,4.8,28.6,24.4,47.0,2.81,2.8
167151,U,OR,ultisols,O,0,3,,6181,4.7,,,,21.62,21.6
167151,U,OR,ultisols,O,0,3,,7505,4.7,,,,21.62,21.6
167152,U,OR,ultisols,A,3,25,,1297,5.0,32.6,12.6,54.8,13.21,13.2
167153,U,OR,ultisols,AB,25,31,,826,5.4,35.1,10.4,54.5,4.24,4.2
167757,U,OK,mollisols,A,0,2,NT,517,6.8,22.2,14.4,63.4,1.86,1.9
167758,U,OK,mollisols,A,2,16,NT,369,5.0,22.8,14.6,62.6,0.7,0.7
167760,U,OK,mollisols,A,0,2,NT,515,7.0,23.8,14.6,61.6,1.472,1.5
167761,U,OK,mollisols,A,2,13,NT,406,5.3,24.8,13.3,61.9,0.83,0.8
167763,U,OK,mollisols,A,0,2,NT,554,7.0,24.0,13.7,62.3,1.6752,1.7
167764,U,OK,mollisols,A,2,10,NT,332,4.9,25.0,13.5,61.5,0.77,0.8
167766,U,OK,mollisols,A,0,2,NT,550,6.5,20.1,16.2,63.7,1.4312,1.5
167767,U,OK,mollisols,A,2,14,NT,294,4.9,21.2,15.7,63.1,0.72,0.7
167769,U,OK,mollisols,A,0,2,NT,480,6.5,22.3,14.8,62.9,1.62,1.6
167770,U,OK,mollisols,A,2,12,NT,294,4.9,24.2,15.3,60.5,0.74,0.7
167772,U,OK,mollisols,A,0,2,R,1585,5.0,16.0,16.5,67.5,4.67,4.7
167773,U,OK,mollisols,A,2,24,R,511,5.7,18.0,15.0,67.0,1.38,1.4
167775,U,OK,mollisols,A,0,2,R,1716,4.9,17.0,15.7,67.3,4.47,4.5
167776,U,OK,mollisols,A,2,26,R,404,5.8,21.0,13.7,65.3,1.27,1.3
167778,U,OK,mollisols,A,0,2,R,1008,5.2,17.7,16.8,65.5,3.37,3.4
167779,U,OK,mollisols,A,2,22,R,612,5.8,21.2,18.0,60.8,1.55,1.5
167781,U,OK,mollisols,A,0,2,R,1596,5.1,19.0,12.9,68.1,4.43,4.4
167782,U,OK,mollisols,A,2,31,R,367,5.7,21.4,16.6,62.0,1.3,1.3
167784,U,OK,mollisols,A,0,2,R,1518,5.0,16.3,14.5,69.2,3.75,3.7
167785,U,OK,mollisols,A,2,28,R,476,6.0,20.3,14.4,65.3,1.17,1.2
167787,U,OK,mollisols,A,0,2,R,621,5.7,13.2,22.4,64.4,2.34,2.3
167788,U,OK,mollisols,A,2,25,R,365,6.2,15.6,21.6,62.8,1.07,1.1
167790,U,OK,mollisols,A,0,2,R,1005,5.8,17.4,21.8,60.8,3.18,3.2
167791,U,OK,mollisols,A,2,35,R,404,6.3,22.9,20.0,57.1,1.28,1.3
167793,U,OK,mollisols,A,0,2,R,1410,5.7,16.6,18.6,64.8,3.35,3.3
167794,U,OK,mollisols,A,2,35,R,366,6.0,19.3,19.1,61.6,1.21,1.2
167796,U,OK,mollisols,A,0,2,R,1529,5.7,15.9,18.8,65.3,3.82,3.8
167797,U,OK,mollisols,A,2,36,R,401,6.1,18.0,19.5,62.5,1.22,1.2
167799,U,OK,mollisols,A,0,2,R,2199,5.5,17.9,18.2,63.9,3.81,3.8
167800,U,OK,mollisols,A,2,36,R,477,6.2,23.7,17.4,58.9,1.22,1.2
167802,U,OK,mollisols,A,0,2,NT,401,4.3,18.1,16.7,65.2,1.28,1.3
167803,U,OK,mollisols,A,2,22,NT,257,5.4,23.0,14.8,62.2,0.87,0.9
167805,U,OK,mollisols,A,0,2,NT,476,4.1,17.4,16.5,66.1,1.3,1.3
167806,U,OK,mollisols,A,2,24,NT,293,4.9,23.6,15.3,61.1,0.9,0.9
167808,U,OK,mollisols,A,0,2,NT,365,4.2,17.3,17.3,65.4,1.16,1.2
167809,U,OK,mollisols,A,2,23,NT,330,4.4,21.4,16.9,61.7,0.9,0.9
167811,U,OK,mollisols,A,0,2,NT,511,4.3,18.0,16.6,65.3,1.34,1.3
167812,U,OK,mollisols,A,2,27,NT,296,5.1,24.0,14.9,61.1,0.8,0.8
167814,U,OK,mollisols,A,0,2,NT,366,4.3,16.3,18.3,65.4,1.44,1.4
167815,U,OK,mollisols,A,2,17,NT,257,4.1,19.4,16.0,64.6,0.92,0.9
167817,U,OK,mollisols,A,0,2,NT,439,4.4,18.3,11.1,70.6,1.52,1.5
167818,U,OK,mollisols,A,2,20,NT,220,4.4,19.9,11.2,68.9,0.86,0.9
167819,U,OK,mollisols,A,20,44,NT,185,6.3,30.1,8.6,61.3,0.79,0.8
167820,U,OK,mollisols,A,0,2,NT,366,4.3,18.5,15.1,66.4,1.34,1.3
167821,U,OK,mollisols,A,2,24,NT,220,4.4,21.8,11.9,66.3,0.87,0.9
167823,U,OK,mollisols,A,0,2,NT,366,4.5,19.2,11.2,69.6,1.3,1.3
167824,U,OK,mollisols,A,2,30,NT,170,7.2,41.2,8.5,50.3,0.55,0.5
167826,U,OK,mollisols,A,0,2,NT,479,4.4,19.9,10.0,70.1,1.75,1.8
167827,U,OK,mollisols,A,2,23,NT,184,4.6,24.2,8.9,66.9,0.89,0.9
167829,U,OK,mollisols,A,0,2,NT,330,4.2,18.1,12.3,69.6,1.38,1.4
167830,U,OK,mollisols,A,2,31,NT,184,4.4,22.0,11.3,66.7,0.8,0.8
167832,U,OK,mollisols,A,0,2,T,367,5.1,21.3,8.0,70.7,1.46,1.5
167833,U,OK,mollisols,A,2,23,T,221,4.7,22.8,8.2,69.0,1.01,1.0
167835,U,OK,mollisols,A,0,2,T,429,5.4,21.1,8.0,70.9,1.66,1.7
167836,U,OK,mollisols,A,2,17,T,221,4.8,22.1,8.5,69.4,1.08,1.1
167838,U,OK,mollisols,A,0,2,T,366,5.3,21.0,8.0,71.0,1.54,1.5
167839,U,OK,mollisols,A,2,19,T,221,5.1,22.2,9.0,68.8,1.01,1.0
167841,U,OK,mollisols,A,0,2,T,732,5.4,21.4,7.9,70.7,1.57,1.6
167842,U,OK,mollisols,A,2,20,T,367,4.7,22.1,8.3,69.6,1.03,1.0
167844,U,OK,mollisols,A,0,2,T,611,5.3,20.8,8.5,70.7,1.56,1.6
167845,U,OK,mollisols,A,2,24,T,515,4.9,22.7,7.3,70.0,1.09,1.1
167847,U,OK,mollisols,A,0,2,NT,737,5.3,19.9,36.0,44.1,1.7,1.7
167848,U,OK,mollisols,A,2,15,NT,295,6.0,23.6,35.1,41.3,0.72,0.7
167850,U,OK,mollisols,A,0,2,NT,517,6.0,28.0,18.4,53.6,1.4,1.4
167851,U,OK,mollisols,A,2,17,NT,373,7.4,32.4,19.0,48.6,0.65,0.6
167853,U,OK,mollisols,A,0,2,NT,660,5.8,27.4,18.0,54.6,1.91,1.9
167854,U,OK,mollisols,A,2,12,NT,334,7.1,31.5,17.4,51.1,0.65,0.7
167856,U,OK,mollisols,A,0,2,NT,737,5.6,28.1,20.0,51.9,1.93,1.9
167857,U,OK,mollisols,A,2,10,NT,408,6.1,30.1,18.9,51.0,0.89,0.9
167859,U,OK,mollisols,A,0,2,NT,681,5.7,31.5,15.8,52.7,1.76,1.8
167860,U,OK,mollisols,A,2,7,NT,371,6.3,33.5,15.8,50.7,0.85,0.9
167863,U,OK,mollisols,A,0,2,NT,515,4.7,26.1,12.9,61.0,1.79,1.8
167864,U,OK,mollisols,A,2,26,NT,369,4.8,27.2,12.3,60.5,1.15,1.1
167866,U,OK,mollisols,A,0,2,NT,552,4.9,26.5,14.1,59.4,1.94,1.9
167867,U,OK,mollisols,A,2,23,NT,370,5.0,28.8,11.9,59.3,1.11,1.1
167869,U,OK,mollisols,A,0,2,NT,480,4.6,26.5,13.0,60.5,1.71,1.7
167870,U,OK,mollisols,A,2,23,NT,406,5.0,28.3,13.4,58.3,1.09,1.1
167872,U,OK,mollisols,A,0,2,NT,676,5.1,26.1,12.1,61.8,2.17,2.2
167873,U,OK,mollisols,A,2,18,NT,368,5.0,28.4,13.2,58.4,1.12,1.1
167875,U,OK,mollisols,A,0,2,NT,516,5.1,27.0,11.4,61.6,1.83,1.8
167876,U,OK,mollisols,A,2,21,NT,332,5.2,28.6,12.4,59.0,1.1,1.1
167878,U,OK,mollisols,A,0,2,R,1471,5.9,20.2,14.6,65.2,4.67,4.7
167879,U,OK,mollisols,A,2,26,R,478,6.0,22.7,12.8,64.5,1.55,1.5
167881,U,OK,mollisols,A,0,2,R,980,6.1,18.5,16.4,65.1,4,4.0
167882,U,OK,mollisols,A,2,21,R,441,6.0,19.4,16.4,64.2,1.47,1.5
167884,U,OK,mollisols,A,0,2,R,913,6.1,19.3,15.4,65.3,3.46,3.5
167885,U,OK,mollisols,A,2,23,R,405,5.9,23.7,14.8,61.5,1.32,1.3
167887,U,OK,mollisols,A,0,2,R,924,5.8,20.2,13.5,66.3,4.35,4.3
167888,U,OK,mollisols,A,2,22,R,407,6.0,24.1,13.3,62.6,1.47,1.5
167890,U,OK,mollisols,A,0,2,R,862,5.9,21.1,15.8,63.1,3.31,3.3
167891,U,OK,mollisols,A,2,20,R,554,5.9,21.5,14.2,64.3,2.21,2.2
167893,U,OK,mollisols,A,0,2,R,1190,5.4,18.8,16.2,65.0,6.88,6.9
167894,U,OK,mollisols,A,2,31,R,406,5.9,22.3,14.8,62.9,1.57,1.6
167896,U,OK,mollisols,A,0,2,R,928,5.7,20.2,15.6,64.2,5.18,5.2
167897,U,OK,mollisols,A,2,33,R,407,6.0,24.8,14.4,60.8,1.8,1.8
167899,U,OK,mollisols,A,0,2,R,924,5.9,18.2,16.6,65.2,4.35,4.4
167900,U,OK,mollisols,A,2,31,R,369,6.1,22.3,17.2,60.5,1.39,1.4
167902,U,OK,mollisols,A,0,2,R,861,5.6,18.8,16.4,64.8,3.59,3.6
167903,U,OK,mollisols,A,2,30,R,332,5.8,21.2,18.9,59.9,1.5,1.5
167905,U,OK,mollisols,A,0,2,R,664,5.4,18.8,16.9,64.3,3.52,3.5
167906,U,OK,mollisols,A,2,32,R,407,5.9,22.5,17.0,60.5,1.46,1.5
167908,U,OK,mollisols,A,0,2,T,334,4.4,25.7,9.3,65.0,1.01,1.0
167909,U,OK,mollisols,A,2,26,T,263,6.0,34.9,7.3,57.8,0.83,0.8
167911,U,OK,mollisols,A,0,2,T,334,4.4,25.7,10.5,63.8,1.02,1.0
167912,U,OK,mollisols,A,2,24,T,335,5.3,26.2,11.2,62.6,1.07,1.1
167914,U,OK,mollisols,A,0,2,T,333,4.8,25.8,10.2,64.0,1.02,1.0
167915,U,OK,mollisols,A,2,16,T,297,4.7,25.2,11.2,63.6,0.94,0.9
167917,U,OK,mollisols,A,0,2,T,370,4.5,22.7,9.6,67.7,1.12,1.1
167918,U,OK,mollisols,A,2,20,T,333,5.8,22.9,4.8,72.3,0.95,0.9
167920,U,OK,mollisols,A,0,2,T,368,4.4,20.0,13.5,66.5,1.12,1.1
167921,U,OK,mollisols,A,2,24,T,369,4.5,19.2,13.1,67.7,1.13,1.1
167923,U,OK,mollisols,A,0,2,T,551,5.3,13.5,18.8,67.7,1.67,1.7
167924,U,OK,mollisols,A,2,25,T,220,5.8,15.2,16.9,67.9,0.75,0.8
167926,U,OK,mollisols,A,0,2,T,367,5.0,13.1,20.4,66.5,1.32,1.3
167927,U,OK,mollisols,A,2,23,T,220,5.8,14.7,19.2,66.1,0.77,0.8
167929,U,OK,mollisols,A,0,2,T,507,5.6,13.1,22.7,64.2,1.58,1.6
167930,U,OK,mollisols,A,2,23,T,254,5.6,14.2,19.9,65.9,1.19,1.2
167932,U,OK,mollisols,A,0,2,T,235,5.9,15.6,18.2,66.2,0.75,0.7
167933,U,OK,mollisols,A,2,17,T,590,5.2,13.9,19.4,66.7,1.88,1.9
167935,U,OK,mollisols,A,0,2,T,439,5.4,14.1,22.8,63.1,1.39,1.4
167936,U,OK,mollisols,A,2,25,T,220,5.8,15.1,19.1,65.8,0.72,0.7
167938,U,OK,mollisols,A,0,2,R,1732,5.1,14.5,10.5,75.0,4.97,5.0
167939,U,OK,mollisols,A,2,29,R,480,5.7,19.9,8.3,71.8,1.53,1.5
167941,U,OK,mollisols,A,0,2,R,1056,5.5,30.0,7.0,63.0,5.07,5.1
167942,U,OK,mollisols,A,2,28,R,407,6.3,20.0,8.2,71.8,1.3,1.3
167944,U,OK,mollisols,A,0,2,R,947,5.0,16.4,9.6,74.0,2.87,2.9
167945,U,OK,mollisols,A,2,27,R,444,5.6,20.1,8.8,71.1,1.31,1.3
167947,U,OK,mollisols,A,0,2,R,860,5.1,16.7,10.0,73.3,2.86,2.9
167948,U,OK,mollisols,A,2,25,R,407,5.8,21.2,9.2,69.6,1.42,1.4
167950,U,OK,mollisols,A,0,2,R,1604,5.1,16.9,8.6,74.5,4.14,4.1
167951,U,OK,mollisols,A,2,30,R,444,5.4,20.5,9.9,69.6,1.42,1.4
167953,U,OK,mollisols,A,0,2,T,688,6.9,29.6,14.4,56.0,1.5,1.5
167954,U,OK,mollisols,A,2,19,T,527,7.0,29.7,13.9,56.4,1.14,1.1
167956,U,OK,mollisols,A,0,5,T,596,6.8,24.2,18.4,57.4,1.48,1.5
167959,U,OK,mollisols,A,0,4,T,623,6.9,26.2,16.6,57.2,1.41,1.4
167962,U,OK,mollisols,A,0,2,T,593,7.2,27.7,16.9,55.4,1.428,1.5
167963,U,OK,mollisols,A,2,10,T,649,7.0,29.1,16.4,54.5,1.2752,1.3
167966,U,OK,mollisols,A,0,6,T,745,7.0,25.3,17.5,57.2,1.5856,1.6
167969,U,OK,mollisols,A,0,2,T,330,4.9,16.7,15.2,68.1,1.27,1.3
167970,U,OK,mollisols,A,2,38,T,294,4.8,18.8,16.1,65.1,0.9,0.9
167972,U,OK,mollisols,A,0,2,T,294,4.8,16.8,13.0,70.2,1.15,1.1
167973,U,OK,mollisols,A,2,38,T,221,5.1,20.6,12.8,66.6,0.9,0.9
167975,U,OK,mollisols,A,0,2,T,293,5.0,17.7,14.5,67.8,1.11,1.1
167976,U,OK,mollisols,A,2,33,T,220,4.5,18.0,13.8,68.2,0.94,0.9
167978,U,OK,mollisols,A,0,2,T,294,5.0,18.5,6.2,75.3,1.12,1.1
167979,U,OK,mollisols,A,2,38,T,184,4.9,18.6,14.9,66.5,0.81,0.8
167981,U,OK,mollisols,A,0,2,T,257,5.2,18.3,14.8,66.9,1.16,1.2
167982,U,OK,mollisols,A,2,36,T,184,4.7,17.5,13.7,68.8,0.83,0.8
179388,U,NM,mollisols,A,0,14,,732,7.9,,,,2.6404,6.1
179389,U,NM,mollisols,A,14,31,,732,8.0,23.5,47.6,28.9,2.3504,8.1
179392,U,NM,mollisols,A,0,10,,745,7.9,14.8,53.6,31.6,2.4116,4.7
179395,U,NM,mollisols,A,0,8,,651,8.1,17.7,51.2,31.1,2.228,6.1
179396,U,NM,mollisols,A,8,27,,883,8.0,19.9,49.5,30.6,3.0376,7.1
179398,U,NM,mollisols,A,0,14,,584,8.0,20.0,48.1,31.9,1.9444,5.0
179399,U,NM,mollisols,A,14,27,,655,8.1,23.9,45.6,30.5,2.2524,6.3
179401,U,NM,mollisols,A,0,10,,810,8.0,27.6,30.6,41.8,2.7948,3.1
179403,U,NM,mollisols,A,0,7,,1029,8.1,19.6,40.0,40.4,4.9244,5.4
179405,U,NM,mollisols,A,0,9,,734,8.2,18.4,38.3,43.3,2.212,4.1
179407,D,NM,mollisols,A,0,12,,808,8.0,17.7,39.7,42.6,2.3984,4.5
179409,U,NM,mollisols,A,0,10,,650,8.0,13.9,61.6,24.5,2.0528,4.4
179411,U,NM,mollisols,A,0,2,,367,8.3,16.1,48.6,35.3,1.2284,1.9
179413,D,NM,mollisols,A,0,3,,584,8.2,17.3,51.0,31.7,2.2292,3.2
179414,D,NM,mollisols,A,3,14,,883,8.0,24.3,43.5,32.2,3.0672,4.8
179416,D,NM,mollisols,A,0,28,,880,8.0,16.7,54.0,29.3,2.7824,5.1
179419,U,NM,mollisols,A,0,22,,965,8.0,29.4,27.2,43.4,3.1184,3.9
179420,D,NM,mollisols,A,0,11,,813,8.1,30.4,25.9,43.7,2.842,3.9
179421,D,NM,mollisols,A,0,20,,813,7.8,32.1,23.6,44.3,3.0764,4.3
179422,U,NM,mollisols,A,0,10,,592,7.9,27.3,28.2,44.5,3.0988,3.7
179423,U,NM,aridisols,A,0,20,,478,8.2,23.1,46.9,30.0,1.7968,2.0
179426,U,NM,aridisols,A,0,12,,440,8.1,23.5,47.1,29.4,1.652,2.3
179428,U,NM,aridisols,A,0,22,,513,8.0,23.3,47.8,28.9,1.7792,2.3
179429,U,NM,aridisols,AB,22,82,,294,8.1,28.3,39.4,32.3,1.0388,1.8
179430,U,NM,aridisols,A,0,19,,477,8.1,20.6,49.7,29.7,1.7908,2.2
179432,U,NM,aridisols,A,0,17,,659,8.0,17.3,51.3,31.4,2.1332,2.7
179437,U,NM,mollisols,A,0,12,,954,7.3,33.8,31.1,35.1,3.9496,4.0
179440,U,NM,mollisols,A,0,12,,1105,6.9,27.2,36.6,36.2,4.5576,4.6
179443,U,NM,mollisols,A,0,13,,843,7.7,28.0,36.5,35.5,2.4912,2.5
179444,D,NM,mollisols,A,1,8,,1621,7.3,30.3,35.7,34.0,5.6284,5.7
181703,U,TX,alfisols,A,0,5,,36,6.2,7.5,74.7,17.8,0.25,0.3
181704,U,TX,alfisols,A,5,10,,108,5.7,6.2,79.5,14.3,0.23,0.2
181705,U,TX,alfisols,A,10,17,,109,5.3,7.3,76.0,16.7,0.21,0.2
183025,U,TX,alfisols,A,0,20,,253,5.5,7.0,62.2,30.8,0.6716,0.7
183026,U,TX,alfisols,A,20,29,,508,6.0,8.9,56.3,34.8,1.6956,1.7
184939,U,SD,mollisols,A,0,2,T,591,6.7,24.9,27.8,47.3,2.4884,2.5
184940,U,SD,mollisols,A,2,5,T,592,6.5,23.9,28.5,47.6,2.6796,2.7
184941,U,SD,mollisols,A,5,16,T,444,6.5,29.0,25.5,45.5,0.8608,0.9
184947,D,SD,mollisols,A,0,2,,1033,6.6,22.0,25.0,53.0,3.6308,3.7
184948,D,SD,mollisols,A,2,5,,961,6.4,22.2,24.1,53.7,2.9744,3.0
184949,U,SD,mollisols,A,5,15,T,444,6.6,23.7,23.0,53.3,1.7108,1.7
184952,U,SD,mollisols,A,0,2,T,596,6.7,37.8,17.8,44.4,2.4708,2.5
184953,U,SD,mollisols,A,2,5,T,522,6.4,38.2,18.1,43.7,2.212,2.2
184954,U,SD,mollisols,A,5,8,T,522,6.4,38.2,17.7,44.1,2.1044,2.1
184958,U,SD,mollisols,A,0,2,T,517,6.6,26.9,26.5,46.6,2.7344,2.7
184959,U,SD,mollisols,A,2,5,T,479,6.4,30.3,25.4,44.3,1.7256,1.7
184960,U,SD,mollisols,A,5,10,T,446,6.1,37.0,21.1,41.9,1.3612,1.4
184963,D,SD,mollisols,A,0,2,T,958,6.5,21.2,29.0,49.8,3.1248,3.2
184964,U,SD,mollisols,A,2,5,T,552,6.3,21.7,28.7,49.6,2.4996,2.5
184965,U,SD,mollisols,A,5,17,T,442,6.2,24.5,27.5,48.0,1.5944,1.6
184968,U,SD,mollisols,A,0,2,R,1770,6.4,24.8,17.5,57.7,6.2512,6.3
184969,U,SD,mollisols,A,2,5,R,1483,6.3,25.4,15.5,59.1,4.8884,4.9
184970,U,SD,mollisols,A,5,14,R,516,6.3,28.3,16.1,55.6,2.5408,2.6
184975,U,SD,mollisols,A,0,2,R,1629,6.6,24.7,23.7,51.6,5.8512,5.9
184976,U,SD,mollisols,A,2,5,R,591,6.3,24.5,25.3,50.2,4.2548,4.3
184977,U,SD,mollisols,A,5,12,R,592,6.7,26.7,27.4,45.9,2.2172,2.2
184980,D,SD,mollisols,A,0,2,R,1628,6.5,25.9,17.8,56.3,5.326,5.3
184981,D,SD,mollisols,A,2,5,R,1182,6.5,26.9,16.7,56.4,4.196,4.2
184982,U,SD,mollisols,A,5,14,R,556,6.6,40.8,14.3,44.9,1.9184,1.9
184986,U,SD,mollisols,A,0,2,R,1179,6.3,24.4,17.9,57.7,4.2172,4.2
184987,D,SD,mollisols,A,2,5,R,755,6.3,29.3,16.6,54.1,2.662,2.7
184988,U,SD,mollisols,A,5,15,R,557,6.7,44.3,12.0,43.7,1.9608,2.0
184991,U,SD,mollisols,A,0,2,R,1473,6.2,25.5,18.3,56.2,4.7172,4.7
184992,D,SD,mollisols,A,2,5,R,682,6.1,25.0,20.0,55.0,2.7408,2.8
184993,U,SD,mollisols,A,5,13,R,554,6.3,37.7,14.7,47.6,1.8308,1.8
192741,U,ND,mollisols,A,0,25,,1305,6.8,14.0,32.0,54.0,2.6756,2.9
192746,U,ND,mollisols,A,0,25,,866,7.4,14.3,31.2,54.5,1.86,2.0
192750,U,ND,mollisols,A,0,33,,878,6.8,14.8,27.4,57.8,3.0396,3.1
200269,U,OR,mollisols,A,0,10,,591,5.8,22.7,8.6,68.7,2.3,2.3
200270,U,OR,mollisols,A,10,25,,443,5.9,23.3,9.1,67.6,1.73,1.8
200271,U,OR,mollisols,AB,25,50,,259,6.0,24.1,9.1,66.8,1,1.0
200355,D,OR,mollisols,A,0,12,,959,5.8,23.2,4.0,72.8,3.17,3.2
200356,U,OR,mollisols,A,12,33,,405,5.8,24.7,3.7,71.6,2.0076,2.0
203377,U,ND,mollisols,A,0,28,,1661,6.6,14.1,30.6,55.3,3.8756,4.0
222930,U,SD,mollisols,A,0,2,R,2210,6.6,26.9,38.6,34.5,8.1,8.1
222931,U,SD,mollisols,A,2,15,R,1103,6.3,22.8,45.0,32.2,3.77,3.8
222937,U,SD,mollisols,A,0,2,R,2024,6.9,24.8,41.5,33.7,7.34,7.3
222938,U,SD,mollisols,A,2,13,R,1282,6.4,22.2,47.5,30.3,4.38,4.4
222941,U,SD,mollisols,A,0,2,R,2035,6.8,25.5,37.1,37.4,8.15,8.2
222942,U,SD,mollisols,A,2,15,R,1289,6.6,25.1,41.3,33.6,4.11,4.1
222946,U,SD,mollisols,A,0,2,R,1840,6.4,23.5,38.1,38.4,6.39,6.4
222947,U,SD,mollisols,A,2,19,R,1098,6.0,22.6,42.6,34.8,3.95,3.9
222950,U,SD,mollisols,A,0,2,R,2039,7.5,24.6,40.7,34.7,6.87,6.9
222951,U,SD,mollisols,A,2,19,R,921,7.7,23.4,44.6,32.0,3.4388,3.6
222954,U,SD,mollisols,A,0,2,T,1099,6.5,20.4,50.9,28.7,4.27,4.3
222955,U,SD,mollisols,A,2,20,T,729,6.8,19.8,51.9,28.3,2.2664,2.3
222961,U,SD,mollisols,A,0,2,T,950,6.0,18.2,54.0,27.8,3.84,3.8
222962,U,SD,mollisols,A,2,28,T,950,6.2,19.6,51.9,28.5,2.38,2.4
222964,U,SD,mollisols,A,0,2,T,1096,6.6,19.7,52.5,27.8,4.64,4.6
222965,U,SD,mollisols,A,2,25,T,657,6.7,19.9,51.8,28.3,2.15,2.1
222968,U,SD,mollisols,A,0,2,T,878,6.4,21.1,52.6,26.3,3.02,3.0
222969,U,SD,mollisols,A,2,21,T,657,6.7,21.5,52.8,25.7,2.13,2.1
222972,U,SD,mollisols,A,0,2,T,949,6.6,20.0,51.9,28.1,3.6548,3.7
222973,U,SD,mollisols,A,2,28,T,731,7.5,19.1,55.3,25.6,2.2676,2.3
222976,U,SD,mollisols,A,0,2,T,1833,5.3,20.2,34.6,45.2,6.34,6.3
222977,U,SD,mollisols,A,2,8,T,822,6.2,20.7,34.8,44.5,2.48,2.5
222981,U,SD,mollisols,A,0,2,T,913,5.6,17.5,42.6,39.9,2.67,2.7
222984,U,SD,mollisols,A,2,11,T,1832,5.3,18.4,38.6,43.0,5.34,5.3
222985,U,SD,mollisols,A,0,2,T,2204,5.3,19.6,35.6,44.8,6.98,7.0
222986,U,SD,mollisols,A,2,12,T,1462,5.5,19.7,37.5,42.8,4.2,4.2
222989,D,SD,mollisols,A,0,2,T,2208,5.4,19.8,35.6,44.6,6.14,6.1
222990,U,SD,mollisols,A,2,10,T,950,5.7,18.7,41.0,40.3,3,3.0
222993,U,SD,mollisols,A,0,2,T,2577,5.1,19.9,31.1,49.0,8.84,8.8
222994,U,SD,mollisols,A,2,11,T,913,5.5,18.8,36.5,44.7,2.89,2.9
229898,U,MN,mollisols,A,0,5,R,1651,7.8,38.6,10.1,51.3,5.6496,5.9
229899,U,MN,mollisols,A,5,19,R,1396,8.0,40.1,7.2,52.7,4.6456,4.9
229900,U,MN,mollisols,A,19,38,R,252,8.1,40.8,4.7,54.5,1.164,1.2
229901,U,MN,mollisols,A,38,53,R,252,8.1,39.9,4.9,55.2,1.2336,1.3
229902,U,MN,mollisols,AB,53,78,R,251,8.1,39.7,4.5,55.8,0.9852,1.0
229905,U,MN,mollisols,A,0,5,R,1777,7.9,39.1,7.5,53.4,5.4396,6.0
229906,U,MN,mollisols,A,5,18,R,1268,8.0,39.3,9.7,51.0,4.2764,4.9
229907,U,MN,mollisols,A,18,30,R,890,8.0,40.6,10.3,49.1,3.2164,3.6
229908,U,MN,mollisols,AB,30,57,R,251,8.0,38.6,12.3,49.1,1.078,1.1
229909,U,MN,mollisols,O,0,5,R,2468,7.7,37.5,7.8,54.7,9.9976,10.2
229910,U,MN,mollisols,A,5,14,R,1760,7.7,38.1,7.6,54.3,5.76,6.0
229911,U,MN,mollisols,A,14,37,R,1642,7.9,38.9,6.7,54.4,5.4712,5.6
229912,U,MN,mollisols,A,37,62,R,627,7.7,37.9,5.2,56.9,2.1816,2.2
229913,U,MN,mollisols,A,0,5,R,1631,7.6,40.6,13.3,46.1,6.2052,7.8
229914,U,MN,mollisols,A,5,22,R,1258,7.6,42.9,16.8,40.3,5.0612,6.7
229915,U,MN,mollisols,A,22,37,R,750,7.6,43.1,19.2,37.7,2.6844,3.9
229916,U,MN,mollisols,A,37,61,R,374,7.7,43.6,19.5,36.9,0.9984,2.7
229920,U,MN,mollisols,A,0,5,R,1515,7.8,37.5,11.5,51.0,5.466,6.1
229921,U,MN,mollisols,A,5,20,R,1392,7.9,37.4,11.5,51.1,4.7372,5.5
229922,U,MN,mollisols,A,20,40,R,1129,7.9,40.6,12.3,47.1,3.9604,5.4
229923,U,MN,mollisols,AB,40,49,R,501,7.9,41.3,14.2,44.5,1.6712,3.1
229924,U,MN,mollisols,A,0,5,R,1512,7.8,37.5,9.5,53.0,5.6712,6.5
229925,U,MN,mollisols,A,5,29,R,1257,7.9,39.0,8.8,52.2,4.7428,5.7
229926,U,MN,mollisols,A,29,51,R,751,8.0,38.4,7.7,53.9,2.3636,4.0
229927,U,MN,mollisols,A,0,5,R,1249,7.0,35.5,10.1,54.4,4.5324,4.6
229928,U,MN,mollisols,A,5,10,R,1251,6.8,36.2,10.2,53.6,3.8776,3.9
229929,U,MN,mollisols,A,10,28,R,1002,7.1,36.4,10.4,53.2,3.3796,3.4
229930,U,MN,mollisols,AB,28,44,R,499,7.7,35.4,13.6,51.0,1.2948,1.4
229934,U,MN,mollisols,A,0,5,R,1370,7.3,37.4,8.3,54.3,4.5676,4.6
229935,U,MN,mollisols,A,5,24,R,996,7.2,37.8,8.0,54.2,3.4076,3.7
229936,U,MN,mollisols,A,24,39,R,626,7.2,39.3,5.8,54.9,2.182,2.2
229937,U,MN,mollisols,AB,39,59,R,377,7.8,46.4,3.8,49.8,1.2676,1.5
229941,U,MN,mollisols,A,0,5,R,1504,7.2,37.1,11.0,51.9,5.4252,5.5
229942,U,MN,mollisols,A,5,26,R,996,7.1,37.4,10.8,51.8,3.6556,3.7
229943,U,MN,mollisols,A,26,50,R,621,7.2,34.8,8.4,56.8,2.2996,2.3
230730,U,NE,mollisols,A,0,5,P,1025,5.5,30.4,7.8,61.8,5.15,5.2
230731,U,NE,mollisols,A,5,23,P,467,5.8,36.4,6.6,57.0,1.8792,1.9
230732,U,NE,mollisols,A,23,56,P,466,6.2,33.9,8.8,57.3,1.676,1.7
230736,U,NE,mollisols,A,0,5,P,1308,6.0,33.0,7.7,59.3,7.0056,7.0
230737,U,NE,mollisols,A,5,21,P,464,6.1,33.6,7.7,58.7,1.716,1.7
230738,U,NE,mollisols,A,21,58,P,465,6.2,34.3,7.4,58.3,1.5208,1.5
230739,U,NE,mollisols,A,0,5,P,557,5.6,26.4,8.1,65.5,5.6644,5.7
230740,U,NE,mollisols,A,5,33,P,1306,5.8,36.4,7.3,56.3,1.7932,1.8
230741,U,NE,mollisols,A,33,60,P,464,6.3,31.0,6.6,62.4,1.916,1.9
230742,U,NE,mollisols,A,0,5,P,1210,5.9,33.7,6.1,60.2,5.1968,5.2
230743,U,NE,mollisols,A,5,18,P,741,5.8,35.0,5.9,59.1,3.0832,3.1
230744,U,NE,mollisols,A,18,26,P,464,6.0,37.0,4.6,58.4,1.8028,1.8
230749,U,NE,mollisols,A,0,5,P,1023,6.2,35.1,5.2,59.7,4.0184,4.0
230750,U,NE,mollisols,A,5,18,P,927,6.2,35.2,5.0,59.8,2.4636,2.5
230751,U,NE,mollisols,A,18,28,P,464,5.9,38.1,4.2,57.7,1.7992,1.8
230753,U,NE,mollisols,A,0,5,P,1304,6.4,30.6,5.0,64.4,6.0684,6.1
230754,U,NE,mollisols,A,5,18,P,557,6.1,37.2,4.9,57.9,2.2132,2.2
230755,U,NE,mollisols,A,18,30,P,467,6.0,40.0,4.0,56.0,1.5868,1.6
230757,U,NE,mollisols,A,0,5,P,1120,6.4,34.5,4.9,60.6,4.428,4.4
230758,U,NE,mollisols,A,5,20,P,749,6.5,36.5,4.5,59.0,1.67,1.7
230764,U,NE,mollisols,A,0,5,P,1214,6.3,34.5,4.7,60.8,4.3072,4.3
230765,U,NE,mollisols,A,5,18,P,467,6.6,35.9,4.1,60.0,1.304,1.3
230767,U,NE,mollisols,A,0,5,P,1680,6.6,35.4,4.6,60.0,5.3084,5.3
230768,U,NE,mollisols,A,5,20,P,652,6.1,35.5,5.0,59.5,1.8236,1.8
231807,U,SD,mollisols,A,0,2,R,513,6.3,21.7,20.6,57.7,2.24,2.2
231808,U,SD,mollisols,A,2,19,R,514,6.9,21.9,20.3,57.8,2.33,2.3
231813,U,SD,mollisols,A,0,2,R,570,6.8,21.6,17.6,60.8,2.78,2.8
231814,U,SD,mollisols,A,2,20,R,368,7.1,24.7,19.7,55.6,1.5228,1.5
231818,U,SD,mollisols,A,0,2,R,404,7.1,22.9,21.9,55.2,1.7348,1.7
231819,U,SD,mollisols,A,2,8,R,367,7.2,23.1,21.7,55.2,1.4812,1.5
231820,U,SD,mollisols,A,8,20,R,367,7.1,23.2,23.1,53.7,1.2776,1.3
231824,D,SD,mollisols,A,0,2,R,1103,7.2,21.5,18.9,59.6,3.46,3.5
231825,U,SD,mollisols,A,2,6,R,514,7.0,21.8,19.2,59.0,2.0012,2.0
231826,U,SD,mollisols,A,6,15,R,403,6.3,24.0,19.1,56.9,1.5748,1.6
231829,U,SD,mollisols,A,0,2,R,514,7.7,23.9,20.3,55.8,1.9768,2.7
231830,U,SD,mollisols,A,2,18,R,441,7.1,24.5,22.0,53.5,1.4276,1.4
231834,U,SD,mollisols,A,0,2,O,440,7.5,23.9,25.3,50.8,1.6144,1.6
231835,U,SD,mollisols,A,2,6,O,441,7.4,25.2,22.3,52.5,1.6092,1.6
231836,U,SD,mollisols,A,6,15,O,441,7.9,25.1,23.5,51.4,1.5884,1.6
231841,U,SD,mollisols,A,0,2,O,404,8.1,23.3,33.7,43.0,1.4264,1.6
231842,U,SD,mollisols,A,2,6,O,440,8.1,22.9,34.7,42.4,1.2852,1.4
231843,U,SD,mollisols,A,6,15,O,440,8.0,23.3,34.0,42.7,1.2908,1.4
231847,U,SD,mollisols,A,0,2,O,404,8.0,24.5,25.8,49.7,1.3752,1.5
231848,U,SD,mollisols,A,2,6,O,441,7.9,24.4,26.3,49.3,1.3752,1.5
231849,U,SD,mollisols,A,6,16,O,404,8.0,23.8,26.8,49.4,1.3244,1.5
231852,U,SD,mollisols,A,0,2,O,403,7.8,21.3,38.0,40.7,1.382,1.6
231853,U,SD,mollisols,A,2,6,O,440,8.0,20.9,38.9,40.2,1.252,1.5
231854,U,SD,mollisols,A,6,16,O,440,7.9,21.1,38.2,40.7,1.1996,1.5
231857,U,SD,mollisols,A,0,2,O,440,7.3,20.5,32.0,47.5,1.4724,1.5
231858,U,SD,mollisols,A,2,6,O,440,6.9,21.2,30.6,48.2,1.2848,1.3
231859,U,SD,mollisols,A,6,18,O,403,6.3,21.9,30.2,47.9,1.1648,1.2
231862,D,SD,mollisols,A,0,2,NT,916,4.8,23.8,17.8,58.4,3.3888,3.4
231863,D,SD,mollisols,A,2,6,NT,367,4.9,25.4,16.8,57.8,2.0412,2.0
231864,U,SD,mollisols,A,6,21,NT,404,5.7,28.2,15.5,56.3,1.322,1.3
231870,D,SD,mollisols,A,0,2,NT,1099,4.9,23.6,17.3,59.1,4.1512,4.1
231871,D,SD,mollisols,A,2,5,NT,552,4.9,24.1,16.6,59.3,2.5352,2.5
231872,U,SD,mollisols,A,5,18,NT,440,5.3,26.1,17.8,56.1,1.4964,1.5
231876,D,SD,mollisols,A,0,3,NT,732,4.7,25.7,19.1,55.2,3.1572,3.2
231877,U,SD,mollisols,A,3,16,NT,514,4.8,26.4,18.9,54.7,1.6296,1.7
231881,D,SD,mollisols,A,0,2,NT,918,4.8,23.3,14.9,61.8,3.7556,3.8
231882,D,SD,mollisols,A,2,3,NT,733,4.6,24.2,16.3,59.5,2.818,2.8
231883,U,SD,mollisols,A,3,20,NT,441,5.6,26.1,15.6,58.3,1.6544,1.7
231886,D,SD,mollisols,A,0,3,NT,732,4.6,22.9,16.7,60.4,3.1616,3.2
231887,U,SD,mollisols,A,3,16,NT,513,4.8,24.0,17.2,58.8,2.0092,2.0
231890,U,SD,mollisols,A,0,2,T,478,6.1,24.9,16.1,59.0,1.8144,1.8
231891,U,SD,mollisols,A,2,9,T,514,5.9,25.1,15.4,59.5,1.7304,1.7
231896,U,SD,mollisols,A,0,2,T,513,6.1,24.4,16.2,59.4,1.74,1.8
231897,U,SD,mollisols,A,2,9,T,512,6.0,24.6,16.5,58.9,1.7712,1.8
231901,U,SD,mollisols,A,0,2,T,623,6.3,22.8,16.6,60.6,2.4364,2.4
231902,U,SD,mollisols,A,2,8,T,622,6.2,22.9,16.6,60.5,2.3412,2.3
231906,U,SD,mollisols,A,0,2,T,513,6.2,25.2,16.4,58.4,1.81,1.8
231907,U,SD,mollisols,A,2,9,T,549,6.0,26.0,16.4,57.6,1.8376,1.8
231910,U,SD,mollisols,A,0,2,T,476,6.4,26.4,16.9,56.7,1.6916,1.7
231911,U,SD,mollisols,A,2,9,T,476,6.4,25.8,15.9,58.3,1.714,1.7
231915,D,SD,mollisols,A,0,2,T,2411,5.5,21.2,35.4,43.4,9.73,9.7
231916,D,SD,mollisols,A,2,6,T,919,6.0,17.7,37.5,44.8,4.536,4.6
231917,U,SD,mollisols,A,6,23,T,475,6.7,15.0,48.0,37.0,1.8916,1.9
231923,U,SD,mollisols,A,0,2,T,2979,6.0,17.5,36.3,46.2,8.94,8.9
231924,D,SD,mollisols,A,2,6,T,912,6.1,15.5,43.2,41.3,3.2728,3.3
231925,U,SD,mollisols,A,6,23,T,439,6.6,18.8,38.9,42.3,1.984,2.0
231927,D,SD,mollisols,A,0,2,T,2594,5.9,19.2,36.8,44.0,9.9,9.9
231928,D,SD,mollisols,A,2,6,T,1102,5.9,19.0,35.8,45.2,4.3116,4.3
231929,U,SD,mollisols,A,6,25,T,512,6.6,18.6,41.7,39.7,2.368,2.4
231930,U,SD,mollisols,A,25,39,T,329,7.0,20.2,43.7,36.1,1.3628,1.4
231932,U,SD,mollisols,A,0,2,T,4514,5.8,26.2,19.1,54.7,15.1968,15.2
231933,D,SD,mollisols,A,2,6,,1473,5.9,23.7,21.2,55.1,5.9716,6.0
231934,U,SD,mollisols,A,6,24,T,590,6.6,26.4,16.2,57.4,3.5428,3.6
231937,D,SD,mollisols,A,0,2,T,2787,6.1,21.5,28.2,50.3,13.3396,13.4
231938,D,SD,mollisols,A,2,6,T,918,6.4,20.0,27.9,52.1,4.6404,4.7
231942,D,SD,mollisols,A,0,2,R,1102,6.1,18.0,43.4,38.6,4.2,4.2
231943,U,SD,mollisols,A,2,6,R,548,6.3,18.4,41.6,40.0,1.9116,1.9
231949,D,SD,mollisols,A,0,2,R,1851,6.1,23.6,26.8,49.6,8.2004,8.2
231950,D,SD,mollisols,A,2,15,R,550,6.1,24.1,26.6,49.3,2.3352,2.3
231954,D,SD,mollisols,A,0,2,R,1653,5.5,16.3,46.9,36.8,5.184,5.2
231955,U,SD,mollisols,A,2,19,R,583,6.1,16.4,47.9,35.7,1.5152,1.5
231958,D,SD,mollisols,A,0,2,R,1472,6.1,19.5,35.0,45.5,5.6252,5.6
231959,U,SD,mollisols,A,2,18,R,586,6.0,19.0,34.8,46.2,2.0912,2.1
231963,D,SD,mollisols,A,0,3,R,1471,6.1,20.2,31.1,48.7,5.2716,5.3
231964,U,SD,mollisols,A,3,16,R,734,6.1,20.5,31.5,48.0,2.4312,2.4
232138,D,KS,mollisols,A,0,6,NT,815,6.5,25.2,13.5,61.3,2.3736,2.4
232141,D,KS,mollisols,A,0,5,NT,740,6.5,25.6,11.9,62.5,2.2608,2.3
232144,D,KS,mollisols,A,0,8,NT,959,5.9,22.7,12.6,64.7,2.714,2.8
232145,U,KS,mollisols,A,8,16,NT,445,7.0,29.0,12.1,58.9,1.3044,1.3
232146,U,KS,mollisols,A,16,29,NT,372,7.1,35.7,11.9,52.4,1.094,1.1
232148,D,KS,mollisols,A,0,8,NT,813,5.5,27.4,12.6,60.0,2.4288,2.4
233165,U,KS,mollisols,A,0,11,NT,405,5.9,29.1,11.5,59.4,1.24,1.2
232151,U,KS,mollisols,A,0,8,NT,963,7.6,24.5,10.8,64.7,2.3972,2.4
232152,U,KS,mollisols,A,8,17,NT,518,7.6,26.7,10.6,62.7,1.5508,1.6
232155,U,KS,mollisols,A,0,16,T,520,7.5,29.4,10.0,60.6,1.7848,1.8
232158,D,KS,mollisols,A,0,19,T,224,7.6,38.0,11.0,51.0,0.7108,0.7
232160,U,KS,mollisols,A,0,9,T,594,5.5,29.8,7.1,63.1,1.8548,1.9
232163,U,KS,mollisols,A,0,8,T,630,5.5,29.3,6.6,64.1,1.8304,1.8
232164,D,KS,mollisols,A,0,8,NT,739,6.2,24.3,13.7,62.0,1.9044,1.9
232167,D,KS,mollisols,A,0,12,NT,812,5.6,25.5,11.9,62.6,2.0772,2.1
232170,D,KS,mollisols,A,0,8,NT,812,5.3,24.3,13.1,62.6,2.24,2.2
232171,U,KS,mollisols,A,0,12,NT,480,5.1,25.8,13.6,60.6,1.43,1.4
232174,U,KS,mollisols,A,0,8,NT,518,7.3,29.6,13.0,57.4,1.6624,1.7
232175,U,KS,mollisols,A,8,20,NT,258,7.2,26.7,13.6,59.7,0.7872,0.8
232177,D,KS,mollisols,A,0,7,,814,7.4,25.5,12.8,61.7,2.276,2.3
232178,U,KS,mollisols,A,7,34,NT,333,7.2,27.6,10.7,61.7,1.0632,1.1
232180,U,KS,mollisols,A,0,6,C,555,7.1,29.6,12.9,57.5,2.2912,2.3
232181,U,KS,mollisols,A,6,29,C,333,7.3,30.3,11.6,58.1,0.8908,0.9
232183,U,KS,mollisols,A,0,11,C,369,5.6,24.6,14.2,61.2,1.3792,1.4
232186,U,KS,mollisols,A,0,8,C,519,5.5,21.5,17.3,61.2,1.76,1.8
232308,U,CA,alfisols,A,0,5,,590,7.0,32.0,26.4,41.6,1.4348,1.5
232309,U,CA,alfisols,A,5,17,,443,7.3,33.2,25.0,41.8,0.9208,0.9
232315,U,CA,alfisols,A,0,5,,586,7.1,20.7,44.1,35.2,1.468,1.5
232316,U,CA,alfisols,A,5,21,,439,7.4,20.2,45.4,34.4,0.688,0.7
232325,U,CA,alfisols,A,0,5,,590,7.2,32.9,28.6,38.5,1.35,1.4
232326,U,CA,alfisols,A,5,13,,518,7.1,33.3,28.2,38.5,1.0236,1.1
232335,U,CA,alfisols,A,0,5,,587,7.2,26.0,38.8,35.2,1.4428,1.5
232336,U,CA,alfisols,A,5,13,,441,7.1,24.9,42.2,32.9,0.8248,0.8
232345,U,CA,inceptisols,A,0,5,,924,6.8,34.4,29.4,36.2,1.1524,1.2
232346,U,CA,inceptisols,A,5,20,,553,7.4,32.0,33.2,34.8,0.4368,0.5
232353,U,CA,alfisols,A,0,7,,921,7.3,34.2,28.6,37.2,1.486,1.5
233502,U,NE,mollisols,A,0,5,T,591,5.5,35.5,4.0,60.5,1.8868,1.9
233503,U,NE,mollisols,A,5,22,T,446,5.3,38.0,3.5,58.5,1.3968,1.4
233508,U,NE,mollisols,A,0,5,T,667,5.6,35.1,4.3,60.6,1.9204,1.9
233509,U,NE,mollisols,A,5,22,T,517,5.4,36.4,4.1,59.5,1.5192,1.5
233512,U,NE,mollisols,A,0,5,T,667,5.6,35.6,3.9,60.5,1.9592,2.0
233513,U,NE,mollisols,A,5,21,T,445,5.4,37.1,3.9,59.0,1.4104,1.4
233516,U,NE,mollisols,A,0,5,T,668,5.6,33.1,5.9,61.0,0.634,0.6
233517,U,NE,mollisols,A,5,24,T,518,5.4,34.8,5.3,59.9,1.7916,1.8
233518,U,NE,mollisols,A,24,54,T,446,5.8,35.6,5.5,58.9,1.8704,1.9
233524,U,NE,mollisols,A,0,5,T,667,5.5,31.9,4.9,63.2,2.2124,2.2
233525,U,NE,mollisols,A,5,22,T,446,5.2,34.6,5.5,59.9,1.6176,1.6
233526,U,NE,mollisols,A,22,38,T,521,5.5,34.1,5.5,60.4,1.9376,1.9
233528,U,NE,mollisols,A,0,5,T,743,5.4,33.6,4.6,61.8,2.5312,2.5
233529,U,NE,mollisols,A,5,22,T,521,5.2,34.5,4.5,61.0,1.8576,1.9
233530,U,NE,mollisols,A,22,38,T,523,5.6,34.9,5.1,60.0,1.9876,2.0
233532,U,NE,mollisols,A,0,5,T,813,5.6,35.8,4.7,59.5,2.164,2.2
233533,U,NE,mollisols,A,5,19,T,446,5.3,36.1,3.8,60.1,1.4176,1.4
233540,U,NE,mollisols,A,0,5,T,666,5.4,35.5,5.0,59.5,2.6076,2.6
233541,U,NE,mollisols,A,5,19,T,593,5.2,36.6,5.6,57.8,2.0556,2.1
233543,U,NE,mollisols,A,0,5,T,520,5.5,36.5,4.1,59.4,1.8044,1.8
233544,U,NE,mollisols,A,5,19,T,298,5.7,38.6,4.2,57.2,1.0392,1.0
233829,U,CA,entisols,A,0,6,,509,5.8,8.6,55.5,35.9,0.91,0.9
233830,U,CA,entisols,A,6,26,,291,5.5,8.1,54.6,37.3,0.83,0.8
233831,U,CA,entisols,A,26,39,,292,5.9,7.2,59.6,33.2,0.62,0.6
233834,U,CA,entisols,A,96,132,,511,6.7,7.9,51.3,40.8,0.82,0.8
233837,U,CA,mollisols,A,0,13,,436,5.6,10.1,52.5,37.4,0.87,0.9
233838,U,CA,mollisols,A,13,51,,291,6.3,10.4,52.5,37.1,0.66,0.7
233844,U,CA,entisols,A,0,12,,439,6.3,12.9,32.1,55.0,1.1532,1.2
233847,U,CA,entisols,A,57,98,,295,8.1,15.0,17.3,67.7,1.0592,1.1
233848,U,CA,entisols,A,98,130,,220,8.4,13.1,28.6,58.3,0.6592,0.8
233868,D,MI,histosols,O,0,18,W,17953,5.9,22.2,17.5,60.3,42.9848,43.0
233869,D,MI,histosols,O,18,67,W,18161,6.0,4.2,11.6,84.2,47.17,47.2
233870,D,MI,histosols,O,67,120,W,19691,5.9,0.0,14.7,85.3,46.8092,46.8
233871,D,MI,histosols,O,120,203,W,21592,5.9,4.0,7.2,88.8,46.94,46.9
233872,U,MI,histosols,O,0,24,W,20062,5.6,12.3,9.6,78.1,43.43,43.4
233873,U,MI,histosols,O,24,78,W,16062,5.8,6.6,11.1,82.3,48.06,48.1
233874,U,MI,histosols,O,0,19,W,15442,5.1,27.1,5.0,67.9,41.65,41.7
233875,U,MI,histosols,O,19,145,W,13762,5.8,16.4,11.8,71.8,46.28,46.3
233876,U,MI,histosols,O,0,26,W,20408,5.8,16.5,12.2,71.3,45.3484,45.4
233877,U,MI,histosols,O,26,65,W,16174,6.0,7.9,10.1,82.0,48.82,48.8
233878,U,MI,histosols,O,65,124,W,14226,5.9,6.1,8.8,85.1,48.23,48.2
233879,U,MI,histosols,O,0,24,W,17722,5.4,9.0,5.4,85.6,44.61,44.6
233880,U,MI,histosols,O,24,58,W,16264,5.8,6.9,9.7,83.4,46.26,46.3
233881,U,MI,histosols,O,58,111,W,16664,5.7,5.2,8.7,86.1,48.2,48.2
233882,U,MI,histosols,O,0,18,W,10102,6.5,22.9,33.3,43.8,38.18,38.2
233883,U,MI,histosols,O,18,39,W,12218,6.6,14.9,10.3,74.8,42.9592,43.0
233884,U,MI,histosols,O,39,58,W,22889,6.6,4.3,1.2,94.5,46.482,46.5
233885,U,MI,histosols,O,58,94,W,22558,6.1,23.8,7.2,69.0,48,48.0
233886,U,MI,histosols,O,94,177,W,22669,5.9,23.8,6.5,69.7,45.7392,45.8
233888,U,MI,histosols,O,0,19,W,12303,6.6,36.9,13.1,50.0,39.3436,39.4
233889,U,MI,histosols,O,19,37,W,17863,6.6,15.4,7.2,77.4,44.39,44.4
233890,U,MI,histosols,O,37,81,W,24966,6.4,24.8,2.8,72.4,50.09,50.1
233891,U,MI,histosols,O,81,150,W,22049,5.6,32.8,11.8,55.4,47.3,47.3
233892,U,MI,histosols,O,0,20,W,14350,6.0,39.3,15.6,45.1,38.5008,38.5
233893,U,MI,histosols,O,20,46,W,12375,6.3,20.4,14.0,65.6,39.9608,40.0
233894,U,MI,histosols,O,46,124,W,16442,6.4,24.3,3.9,71.8,46.2704,46.3
233895,U,MI,histosols,O,0,18,W,9608,6.3,47.0,9.7,43.3,37.0396,37.1
233896,U,MI,histosols,O,18,40,W,14622,6.3,24.7,11.4,63.9,46.79,46.8
233897,U,MI,histosols,O,40,77,W,25150,6.6,28.9,0.8,70.3,48.6,48.6
233899,U,MI,histosols,O,0,12,W,12399,5.9,21.0,8.0,71.0,37.4608,37.5
233900,U,MI,histosols,O,12,27,W,12442,6.1,38.6,24.6,36.8,38.146,38.2
233901,U,MI,histosols,O,27,96,W,17200,6.4,20.0,4.3,75.7,46.2844,46.3
233902,U,MI,histosols,O,96,133,W,22382,5.0,25.3,3.2,71.5,46.77,46.8
233903,U,MI,histosols,O,0,17,W,13744,5.9,25.5,16.6,57.9,40.25,40.3
233904,U,MI,histosols,O,17,63,W,18202,5.9,15.4,9.2,75.4,45.2,45.2
233905,U,MI,histosols,O,63,91,W,16482,6.1,45.7,7.9,46.4,47.28,47.3
233906,U,MI,histosols,O,91,131,W,19686,6.2,36.9,3.3,59.8,50.04,50.0
233909,U,MI,histosols,O,0,14,W,16322,6.7,11.2,16.2,72.6,43.68,43.7
233910,U,MI,histosols,O,14,35,W,18703,6.5,8.5,11.3,80.2,44.74,44.7
233911,U,MI,histosols,O,35,78,W,22750,6.1,14.3,5.3,80.4,46.88,46.9
233912,U,MI,histosols,O,78,150,W,16495,6.4,16.3,7.7,76.0,45.37,45.4
233913,U,MI,histosols,O,0,18,W,28829,6.2,16.9,21.3,61.8,39.42,39.4
233914,U,MI,histosols,O,18,67,W,22985,5.9,23.4,14.1,62.5,44.97,45.0
233915,U,MI,histosols,O,67,150,W,22688,6.4,19.7,6.4,73.9,45.41,45.4
233916,U,MI,histosols,O,0,15,W,16669,6.3,10.2,22.2,67.6,41.97,42.0
233917,U,MI,histosols,O,15,48,W,16231,6.3,15.4,12.1,72.5,44.63,44.6
233918,U,MI,histosols,O,48,105,W,17967,6.3,12.2,8.6,79.2,45.92,45.9
233919,U,MI,histosols,O,0,27,W,18892,6.3,18.5,18.4,63.1,41.02,41.0
233920,U,MI,histosols,O,27,88,W,22634,6.0,20.4,5.0,74.6,45.57,45.6
233921,U,MI,histosols,O,88,135,W,20816,6.5,18.0,3.0,79.0,48.66,48.7
233922,U,MI,histosols,O,0,26,W,14276,6.2,14.5,12.0,73.5,41.73,41.7
233923,U,MI,histosols,O,26,147,W,23014,6.1,19.4,8.3,72.3,46.91,46.9
233924,U,MI,histosols,O,147,177,W,20672,5.5,13.7,4.3,82.0,49.81,49.8
233926,U,MI,histosols,O,0,28,W,12029,6.2,20.7,13.8,65.5,41.45,41.5
233927,U,MI,histosols,O,28,75,W,17014,6.1,17.2,9.6,73.2,47.43,47.4
233928,U,MI,histosols,O,75,109,W,15341,6.1,22.6,15.8,61.6,46.06,46.1
233929,U,MI,histosols,O,0,32,W,11819,6.1,19.8,16.5,63.7,41.82,41.8
233930,U,MI,histosols,O,32,63,W,13820,6.1,14.1,12.4,73.5,44.36,44.4
233931,U,MI,histosols,O,63,150,W,18373,5.8,21.1,11.3,67.6,48.96,49.0
233932,U,MI,histosols,O,0,32,W,12214,6.2,29.5,8.4,62.1,42.5396,42.6
233933,U,MI,histosols,O,32,55,W,14627,5.8,19.9,4.0,76.1,47.3,47.3
233934,U,MI,histosols,O,55,150,W,20820,5.4,19.2,3.2,77.6,49.38,49.4
233935,U,MI,histosols,O,0,20,W,15507,5.9,31.6,12.6,55.8,43,43.0
233936,U,MI,histosols,O,20,47,W,14246,6.3,18.6,11.8,69.6,42.55,42.6
233937,U,MI,histosols,O,47,68,W,16502,6.2,21.6,12.7,65.7,42.98,43.0
233938,U,MI,histosols,O,68,100,W,21895,6.1,11.0,9.4,79.6,46.472,46.5
233939,U,MI,histosols,O,0,15,W,9972,5.4,31.9,30.6,37.5,33.16,33.2
233940,U,MI,histosols,O,15,30,W,9619,5.7,19.6,32.9,47.5,33.11,33.1
233941,U,MI,histosols,O,30,40,W,13644,5.5,17.1,40.0,42.9,27.48,27.5
233942,U,MI,histosols,O,40,56,W,3722,2.3,8.5,76.1,15.4,4.79,4.8
233945,U,MI,histosols,A,0,7,W,7585,5.6,8.2,82.1,9.7,14.4132,14.4
233946,U,MI,histosols,O,7,15,W,7638,5.9,20.0,29.5,50.5,31.622,31.6
233947,U,MI,histosols,O,15,41,W,10185,6.0,22.0,31.4,46.6,33.5244,33.5
233948,U,MI,histosols,O,41,75,W,9786,5.4,19.3,54.1,26.6,25.8052,25.8
233952,U,MI,histosols,O,0,14,W,7934,5.5,14.9,44.6,40.5,28.84,28.8
233953,U,MI,histosols,O,14,30,W,8160,5.7,18.8,51.6,29.6,29.62,29.6
233954,U,MI,histosols,O,30,38,W,9905,5.3,17.5,46.5,36.0,22.97,23.0
233955,U,MI,histosols,O,38,52,W,5392,2.8,9.9,68.3,21.8,6.16,6.2
233958,U,MI,histosols,A,0,10,W,5595,6.2,6.2,82.2,11.6,11.0004,11.0
233959,U,MI,histosols,O,10,36,W,10038,6.0,27.5,26.8,45.7,34.7844,34.8
233960,U,MI,histosols,O,36,54,W,17871,5.4,26.2,16.9,56.9,43.358,43.4
233961,U,MI,histosols,O,54,76,W,3717,6.4,8.8,72.5,18.7,5.34,5.3
233963,U,MI,inceptisols,O,0,19,W,9394,5.5,15.3,56.1,28.6,28.18,28.2
233964,U,MI,inceptisols,O,19,36,W,9771,5.6,14.7,46.8,38.5,29.91,29.9
236181,U,NJ,histosols,O,0,8,,6517,6.9,,,,15.9,15.9
236181,U,NJ,histosols,O,0,8,,6517,6.9,,,,15.9,15.9
236181,U,NJ,histosols,O,0,8,,9317,6.9,,,,15.9,15.9
237177,U,NV,mollisols,A,0,3,,362,6.0,1.8,95.6,2.6,0.89,0.9
237178,U,NV,mollisols,A,3,16,,363,5.6,7.5,76.9,15.6,1.27,1.3
237181,U,NV,alfisols,A,0,4,,511,5.0,4.4,84.0,11.6,3.8,3.8
237182,U,NV,alfisols,A,4,13,,584,5.5,7.7,76.0,16.3,2.61,2.6
237185,U,NV,mollisols,A,0,13,,808,6.0,12.9,58.7,28.4,2.93,2.9
237186,U,NV,mollisols,A,13,44,,587,6.3,12.8,58.2,29.0,1.55,1.5
237193,U,NV,mollisols,A,13,20,,806,5.5,4.6,85.7,9.7,3.83,3.8
237195,U,NV,mollisols,A,0,12,,362,6.0,3.4,86.1,10.5,0.7,0.7
237281,U,NE,mollisols,A,0,5,T,520,7.7,17.0,45.1,37.9,1.2104,1.2
237282,U,NE,mollisols,A,5,13,T,519,7.7,17.0,46.2,36.8,1.128,1.1
237283,U,NE,mollisols,A,13,36,T,371,7.8,17.7,45.8,36.5,0.834,0.8
237290,U,NE,mollisols,A,0,5,T,518,7.3,16.6,44.1,39.3,1.0916,1.1
237291,U,NE,mollisols,A,5,20,T,445,7.7,17.8,44.2,38.0,0.8728,0.9
237292,U,NE,mollisols,A,20,38,T,299,8.0,22.2,39.5,38.3,0.6712,0.7
237294,U,NE,mollisols,A,0,5,T,778,7.7,17.2,43.3,39.5,1.4056,1.4
237295,U,NE,mollisols,A,5,16,T,666,7.7,18.1,43.7,38.2,0.9392,1.0
237296,U,NE,mollisols,A,16,34,T,520,7.8,18.7,43.4,37.9,0.6828,0.7
237298,U,NE,mollisols,A,0,5,T,963,7.6,15.5,50.3,34.2,1.518,1.5
237299,U,NE,mollisols,A,5,12,T,815,7.5,15.8,48.8,35.4,1.2508,1.3
237300,U,NE,mollisols,A,12,32,T,523,7.8,16.8,48.8,34.4,1.362,1.4
237307,U,NE,mollisols,A,0,5,T,888,7.6,15.6,49.3,35.1,1.3168,1.3
237308,U,NE,mollisols,A,5,20,T,594,7.7,17.2,47.9,34.9,1.1068,1.1
237309,U,NE,mollisols,A,20,32,T,519,7.9,16.8,48.1,35.1,0.8808,0.9
237311,U,NE,mollisols,A,0,5,T,739,7.4,15.1,51.3,33.6,1.4516,1.5
237312,U,NE,mollisols,A,5,18,T,444,7.5,15.3,50.4,34.3,1.1304,1.1
237313,U,NE,mollisols,A,18,34,T,370,7.6,18.5,45.9,35.6,0.9616,1.0
